행정동,년분기,지하철역_갯수,총승하차인원_합계,지하철역_목록,시군구,총_승객수
가락1동,20191,2,0.0,"송파, 가락시장",,
가락1동,20192,2,0.0,"송파, 가락시장",,
가락1동,20193,2,0.0,"가락시장, 송파",,
가락1동,20194,2,0.0,"가락시장, 송파",,
가락1동,20201,2,0.0,"송파, 가락시장",,
가락1동,20202,2,0.0,"송파, 가락시장",,
가락1동,20203,2,0.0,"가락시장, 송파",,
가락1동,20204,2,0.0,"송파, 가락시장",,
가락1동,20211,2,3591263.0,"가락시장, 송파",,
가락1동,20212,2,3875940.0,"가락시장, 송파",,
가락1동,20213,2,3395843.0,"가락시장, 송파",,
가락1동,20214,2,3838931.0,"가락시장, 송파",,
가락2동,20191,2,0.0,"경찰병원, 개롱",,
가락2동,20192,2,0.0,"경찰병원, 개롱",,
가락2동,20193,2,0.0,"개롱, 경찰병원",,
가락2동,20194,2,0.0,"개롱, 경찰병원",,
가락2동,20201,2,0.0,"개롱, 경찰병원",,
가락2동,20202,2,0.0,"개롱, 경찰병원",,
가락2동,20203,2,0.0,"개롱, 경찰병원",,
가락2동,20204,2,0.0,"경찰병원, 개롱",,
가락2동,20211,2,1969639.0,"경찰병원, 개롱",,
가락2동,20212,2,2175749.0,"경찰병원, 개롱",,
가락2동,20213,2,1950525.0,"경찰병원, 개롱",,
가락2동,20214,2,2174233.0,"경찰병원, 개롱",,
가락본동,20191,1,0.0,오금,,
가락본동,20192,1,0.0,오금,,
가락본동,20193,1,0.0,오금,,
가락본동,20194,1,0.0,오금,,
가락본동,20201,1,0.0,오금,,
가락본동,20202,1,0.0,오금,,
가락본동,20203,1,0.0,오금,,
가락본동,20204,1,0.0,오금,,
가락본동,20211,1,508959.0,오금,,
가락본동,20212,1,584980.0,오금,,
가락본동,20213,1,521014.0,오금,,
가락본동,20214,1,584247.0,오금,,
가리봉동,0,1,0.0,0,,
가산동,20191,2,0.0,"독산, 가산디지털단지",,
가산동,20192,2,0.0,"독산, 가산디지털단지",,
가산동,20193,2,0.0,"가산디지털단지, 독산",,
가산동,20194,2,0.0,"가산디지털단지, 독산",,
가산동,20201,2,0.0,"가산디지털단지, 독산",,
가산동,20202,2,0.0,"독산, 가산디지털단지",,
가산동,20203,2,0.0,"가산디지털단지, 독산",,
가산동,20204,2,0.0,"독산, 가산디지털단지",,
가산동,20211,2,11084614.0,"가산디지털단지, 독산",,
가산동,20212,2,12268260.0,"독산, 가산디지털단지",,
가산동,20213,2,10910267.0,"가산디지털단지, 독산",,
가산동,20214,2,12317625.0,"가산디지털단지, 독산",,
가양1동,0,1,0.0,마곡나루,,
가양1동,20191,3,0.0,"마곡, 마곡나루, 양천향교",,
가양1동,20192,3,0.0,"양천향교, 마곡나루, 마곡",,
가양1동,20193,3,0.0,"마곡나루, 마곡, 양천향교",,
가양1동,20194,3,0.0,"마곡, 마곡나루, 양천향교",,
가양1동,20201,3,0.0,"양천향교, 마곡나루, 마곡",,
가양1동,20202,2,0.0,"마곡, 양천향교",,
가양1동,20203,2,0.0,"마곡, 양천향교",,
가양1동,20204,2,0.0,"양천향교, 마곡",,
가양1동,20211,2,2610848.0,"마곡, 양천향교",,
가양1동,20212,2,3040373.0,"마곡, 양천향교",,
가양1동,20213,2,2703457.0,"양천향교, 마곡",,
가양1동,20214,2,3099786.0,"양천향교, 마곡",,
가양2동,0,1,0.0,0,,
가양3동,0,1,0.0,0,,
가회동,0,1,0.0,0,,
갈현1동,0,1,0.0,0,,
갈현2동,20191,1,0.0,구산,,
갈현2동,20192,1,0.0,구산,,
갈현2동,20193,1,0.0,구산,,
갈현2동,20194,1,0.0,구산,,
갈현2동,20201,1,0.0,구산,,
갈현2동,20202,1,0.0,구산,,
갈현2동,20203,1,0.0,구산,,
갈현2동,20204,1,0.0,구산,,
갈현2동,20211,1,927742.0,구산,,
갈현2동,20212,1,1063162.0,구산,,
갈현2동,20213,1,976774.0,구산,,
갈현2동,20214,1,1079537.0,구산,,
강일동,0,1,0.0,강일,,
강일동,20211,1,54506.0,강일,,
강일동,20212,1,1017842.0,강일,,
강일동,20213,1,954528.0,강일,,
강일동,20214,1,1196446.0,강일,,
개봉1동,20191,1,0.0,개봉,,
개봉1동,20192,1,0.0,개봉,,
개봉1동,20193,1,0.0,개봉,,
개봉1동,20194,1,0.0,개봉,,
개봉1동,20201,1,0.0,개봉,,
개봉1동,20202,1,0.0,개봉,,
개봉1동,20203,1,0.0,개봉,,
개봉1동,20204,1,0.0,개봉,,
개봉1동,20211,1,3107827.0,개봉,,
개봉1동,20212,1,3500467.0,개봉,,
개봉1동,20213,1,3130324.0,개봉,,
개봉1동,20214,1,3470114.0,개봉,,
개봉2동,0,1,0.0,0,,
개봉3동,0,1,0.0,0,,
개포1동,0,1,0.0,0,,
개포2동,20191,3,0.0,"구룡, 대모산입구, 개포동",,
개포2동,20192,3,0.0,"대모산입구, 개포동, 구룡",,
개포2동,20193,3,0.0,"대모산입구, 구룡, 개포동",,
개포2동,20194,3,0.0,"개포동, 구룡, 대모산입구",,
개포2동,20201,3,0.0,"구룡, 대모산입구, 개포동",,
개포2동,20202,3,0.0,"개포동, 구룡, 대모산입구",,
개포2동,20203,3,0.0,"구룡, 개포동, 대모산입구",,
개포2동,20204,3,0.0,"구룡, 개포동, 대모산입구",,
개포2동,20211,3,1229241.0,"구룡, 대모산입구, 개포동",,
개포2동,20212,3,1458413.0,"대모산입구, 구룡, 개포동",,
개포2동,20213,3,1313433.0,"개포동, 구룡, 대모산입구",,
개포2동,20214,3,1610420.0,"개포동, 대모산입구, 구룡",,
개포3동,20191,1,0.0,대청,,
개포3동,20192,1,0.0,대청,,
개포3동,20193,1,0.0,대청,,
개포3동,20194,1,0.0,대청,,
개포3동,20201,1,0.0,대청,,
개포3동,20202,1,0.0,대청,,
개포3동,20203,1,0.0,대청,,
개포3동,20204,1,0.0,대청,,
개포3동,20211,1,1285359.0,대청,,
개포3동,20212,1,1460319.0,대청,,
개포3동,20213,1,1340384.0,대청,,
개포3동,20214,1,1510011.0,대청,,
개포4동,0,1,0.0,0,,
거여1동,20191,1,0.0,거여,,
거여1동,20192,1,0.0,거여,,
거여1동,20193,1,0.0,거여,,
거여1동,20194,1,0.0,거여,,
거여1동,20201,1,0.0,거여,,
거여1동,20202,1,0.0,거여,,
거여1동,20203,1,0.0,거여,,
거여1동,20204,1,0.0,거여,,
거여1동,20211,1,1103930.0,거여,,
거여1동,20212,1,1288917.0,거여,,
거여1동,20213,1,1201113.0,거여,,
거여1동,20214,1,1408544.0,거여,,
거여2동,0,1,0.0,0,,
고덕1동,0,1,0.0,0,,
고덕2동,0,1,0.0,0,,
고척1동,0,1,0.0,0,,
고척2동,0,1,0.0,0,,
공덕동,20191,1,0.0,공덕,,
공덕동,20192,1,0.0,공덕,,
공덕동,20193,1,0.0,공덕,,
공덕동,20194,1,0.0,공덕,,
공덕동,20201,1,0.0,공덕,,
공덕동,20202,1,0.0,공덕,,
공덕동,20203,1,0.0,공덕,,
공덕동,20204,1,0.0,공덕,,
공덕동,20211,1,4475505.0,공덕,,
공덕동,20212,1,4974994.0,공덕,,
공덕동,20213,1,4240949.0,공덕,,
공덕동,20214,1,4916154.0,공덕,,
공릉1동,20191,2,0.0,"태릉입구, 공릉(서울과학기술대)",,
공릉1동,20192,2,0.0,"태릉입구, 공릉(서울과학기술대)",,
공릉1동,20193,2,0.0,"태릉입구, 공릉(서울과학기술대)",,
공릉1동,20194,2,0.0,"공릉(서울과학기술대), 태릉입구",,
공릉1동,20201,2,0.0,"태릉입구, 공릉(서울과학기술대)",,
공릉1동,20202,2,0.0,"공릉(서울과학기술대), 태릉입구",,
공릉1동,20203,2,0.0,"태릉입구, 공릉(서울과학기술대)",,
공릉1동,20204,2,0.0,"태릉입구, 공릉(서울과학기술대)",,
공릉1동,20211,2,3577077.0,"태릉입구, 공릉(서울과학기술대)",,
공릉1동,20212,2,4198676.0,"공릉(서울과학기술대), 태릉입구",,
공릉1동,20213,2,3647674.0,"태릉입구, 공릉(서울과학기술대)",,
공릉1동,20214,2,4175749.0,"공릉(서울과학기술대), 태릉입구",,
공릉2동,20191,1,0.0,화랑대(서울여대입구),,
공릉2동,20192,1,0.0,화랑대(서울여대입구),,
공릉2동,20193,1,0.0,화랑대(서울여대입구),,
공릉2동,20194,1,0.0,화랑대(서울여대입구),,
공릉2동,20201,1,0.0,화랑대(서울여대입구),,
공릉2동,20202,1,0.0,화랑대(서울여대입구),,
공릉2동,20203,1,0.0,화랑대(서울여대입구),,
공릉2동,20204,1,0.0,화랑대(서울여대입구),,
공릉2동,20211,1,1376444.0,화랑대(서울여대입구),,
공릉2동,20212,1,1594418.0,화랑대(서울여대입구),,
공릉2동,20213,1,1402697.0,화랑대(서울여대입구),,
공릉2동,20214,1,1641665.0,화랑대(서울여대입구),,
공항동,20191,2,0.0,"송정, 공항시장",,
공항동,20192,2,0.0,"송정, 공항시장",,
공항동,20193,2,0.0,"공항시장, 송정",,
공항동,20194,2,0.0,"송정, 공항시장",,
공항동,20201,2,0.0,"송정, 공항시장",,
공항동,20202,2,0.0,"송정, 공항시장",,
공항동,20203,2,0.0,"공항시장, 송정",,
공항동,20204,2,0.0,"공항시장, 송정",,
공항동,20211,2,1363258.0,"공항시장, 송정",,
공항동,20212,2,1546427.0,"공항시장, 송정",,
공항동,20213,2,1393562.0,"공항시장, 송정",,
공항동,20214,2,1553250.0,"송정, 공항시장",,
광장동,20191,1,0.0,광나루(장신대),,
광장동,20192,1,0.0,광나루(장신대),,
광장동,20193,1,0.0,광나루(장신대),,
광장동,20194,1,0.0,광나루(장신대),,
광장동,20201,1,0.0,광나루(장신대),,
광장동,20202,1,0.0,광나루(장신대),,
광장동,20203,1,0.0,광나루(장신대),,
광장동,20204,1,0.0,광나루(장신대),,
광장동,20211,1,1761684.0,광나루(장신대),,
광장동,20212,1,2022231.0,광나루(장신대),,
광장동,20213,1,1769537.0,광나루(장신대),,
광장동,20214,1,2070674.0,광나루(장신대),,
광희동,0,1,0.0,동대문역사문화공원,,
광희동,20191,1,0.0,동대문역사문화공원,,
광희동,20192,1,0.0,동대문역사문화공원,,
광희동,20193,1,0.0,동대문역사문화공원,,
광희동,20194,1,0.0,동대문역사문화공원,,
광희동,20201,1,0.0,동대문역사문화공원,,
교남동,0,1,0.0,0,,
구로1동,0,1,0.0,0,,
구로2동,20191,1,0.0,구일,,
구로2동,20192,1,0.0,구일,,
구로2동,20193,1,0.0,구일,,
구로2동,20194,1,0.0,구일,,
구로2동,20201,1,0.0,구일,,
구로2동,20202,1,0.0,구일,,
구로2동,20203,1,0.0,구일,,
구로2동,20204,1,0.0,구일,,
구로2동,20211,1,881923.0,구일,,
구로2동,20212,1,1107225.0,구일,,
구로2동,20213,1,877162.0,구일,,
구로2동,20214,1,1100131.0,구일,,
구로3동,20191,2,0.0,"구로디지털단지, 남구로",,
구로3동,20192,2,0.0,"남구로, 구로디지털단지",,
구로3동,20193,2,0.0,"구로디지털단지, 남구로",,
구로3동,20194,2,0.0,"구로디지털단지, 남구로",,
구로3동,20201,2,0.0,"남구로, 구로디지털단지",,
구로3동,20202,2,0.0,"남구로, 구로디지털단지",,
구로3동,20203,2,0.0,"구로디지털단지, 남구로",,
구로3동,20204,2,0.0,"구로디지털단지, 남구로",,
구로3동,20211,2,10762880.0,"구로디지털단지, 남구로",,
구로3동,20212,2,11885274.0,"남구로, 구로디지털단지",,
구로3동,20213,2,10439822.0,"남구로, 구로디지털단지",,
구로3동,20214,2,11685478.0,"남구로, 구로디지털단지",,
구로4동,20191,1,0.0,대림(구로구청),,
구로4동,20192,1,0.0,대림(구로구청),,
구로4동,20193,1,0.0,대림(구로구청),,
구로4동,20194,1,0.0,대림(구로구청),,
구로4동,20201,1,0.0,대림(구로구청),,
구로4동,20202,1,0.0,대림(구로구청),,
구로4동,20203,1,0.0,대림(구로구청),,
구로4동,20204,1,0.0,대림(구로구청),,
구로4동,20211,1,3607641.0,대림(구로구청),,
구로4동,20212,1,4040334.0,대림(구로구청),,
구로4동,20213,1,3552942.0,대림(구로구청),,
구로4동,20214,1,3920753.0,대림(구로구청),,
구로5동,20191,1,0.0,구로,,
구로5동,20192,1,0.0,구로,,
구로5동,20193,1,0.0,구로,,
구로5동,20194,1,0.0,구로,,
구로5동,20201,1,0.0,구로,,
구로5동,20202,1,0.0,구로,,
구로5동,20203,1,0.0,구로,,
구로5동,20204,1,0.0,구로,,
구로5동,20211,1,2693882.0,구로,,
구로5동,20212,1,3062994.0,구로,,
구로5동,20213,1,2699374.0,구로,,
구로5동,20214,1,3036057.0,구로,,
구산동,0,1,0.0,0,,
구의1동,20191,1,0.0,구의(광진구청),,
구의1동,20192,1,0.0,구의(광진구청),,
구의1동,20193,1,0.0,구의(광진구청),,
구의1동,20194,1,0.0,구의(광진구청),,
구의1동,20201,1,0.0,구의(광진구청),,
구의1동,20202,1,0.0,구의(광진구청),,
구의1동,20203,1,0.0,구의(광진구청),,
구의1동,20204,1,0.0,구의(광진구청),,
구의1동,20211,1,3294113.0,구의(광진구청),,
구의1동,20212,1,3642263.0,구의(광진구청),,
구의1동,20213,1,3296975.0,구의(광진구청),,
구의1동,20214,1,3696066.0,구의(광진구청),,
구의2동,20191,1,0.0,아차산(어린이대공원후문),,
구의2동,20192,1,0.0,아차산(어린이대공원후문),,
구의2동,20193,1,0.0,아차산(어린이대공원후문),,
구의2동,20194,1,0.0,아차산(어린이대공원후문),,
구의2동,20201,1,0.0,아차산(어린이대공원후문),,
구의2동,20202,1,0.0,아차산(어린이대공원후문),,
구의2동,20203,1,0.0,아차산(어린이대공원후문),,
구의2동,20204,1,0.0,아차산(어린이대공원후문),,
구의2동,20211,1,2110315.0,아차산(어린이대공원후문),,
구의2동,20212,1,2461411.0,아차산(어린이대공원후문),,
구의2동,20213,1,2093194.0,아차산(어린이대공원후문),,
구의2동,20214,1,2389583.0,아차산(어린이대공원후문),,
구의3동,20191,1,0.0,강변(동서울터미널),,
구의3동,20192,1,0.0,강변(동서울터미널),,
구의3동,20193,1,0.0,강변(동서울터미널),,
구의3동,20194,1,0.0,강변(동서울터미널),,
구의3동,20201,1,0.0,강변(동서울터미널),,
구의3동,20202,1,0.0,강변(동서울터미널),,
구의3동,20203,1,0.0,강변(동서울터미널),,
구의3동,20204,1,0.0,강변(동서울터미널),,
구의3동,20211,1,4318497.0,강변(동서울터미널),,
구의3동,20212,1,4932384.0,강변(동서울터미널),,
구의3동,20213,1,4370916.0,강변(동서울터미널),,
구의3동,20214,1,5009052.0,강변(동서울터미널),,
군자동,0,1,0.0,0,,
금호1가동,20191,1,0.0,신금호,,
금호1가동,20192,1,0.0,신금호,,
금호1가동,20193,1,0.0,신금호,,
금호1가동,20194,1,0.0,신금호,,
금호1가동,20201,1,0.0,신금호,,
금호1가동,20202,1,0.0,신금호,,
금호1가동,20203,1,0.0,신금호,,
금호1가동,20204,1,0.0,신금호,,
금호1가동,20211,1,891317.0,신금호,,
금호1가동,20212,1,1014981.0,신금호,,
금호1가동,20213,1,901584.0,신금호,,
금호1가동,20214,1,1034802.0,신금호,,
금호2·3가동 ,0,1,0.0,0,,
금호4가동,20191,1,0.0,금호,,
금호4가동,20192,1,0.0,금호,,
금호4가동,20193,1,0.0,금호,,
금호4가동,20194,1,0.0,금호,,
금호4가동,20201,1,0.0,금호,,
금호4가동,20202,1,0.0,금호,,
금호4가동,20203,1,0.0,금호,,
금호4가동,20204,1,0.0,금호,,
금호4가동,20211,1,1144049.0,금호,,
금호4가동,20212,1,1273337.0,금호,,
금호4가동,20213,1,1120684.0,금호,,
금호4가동,20214,1,1237436.0,금호,,
길동,20191,1,0.0,길동,,
길동,20192,1,0.0,길동,,
길동,20193,1,0.0,길동,,
길동,20194,1,0.0,길동,,
길동,20201,1,0.0,길동,,
길동,20202,1,0.0,길동,,
길동,20203,1,0.0,길동,,
길동,20204,1,0.0,길동,,
길동,20211,1,1155459.0,길동,,
길동,20212,1,1306713.0,길동,,
길동,20213,1,1185638.0,길동,,
길동,20214,1,1310222.0,길동,,
길음1동,20191,1,0.0,길음,,
길음1동,20192,1,0.0,길음,,
길음1동,20193,1,0.0,길음,,
길음1동,20194,1,0.0,길음,,
길음1동,20201,1,0.0,길음,,
길음1동,20202,1,0.0,길음,,
길음1동,20203,1,0.0,길음,,
길음1동,20204,1,0.0,길음,,
길음1동,20211,1,2792045.0,길음,,
길음1동,20212,1,3140380.0,길음,,
길음1동,20213,1,2761780.0,길음,,
길음1동,20214,1,3155884.0,길음,,
길음2동,0,1,0.0,0,,
낙성대동,0,1,0.0,0,,
난곡동,0,1,0.0,0,,
난향동,0,1,0.0,0,,
남가좌1동,0,1,0.0,가좌,,
남가좌2동,0,1,0.0,0,,
남영동,0,1,0.0,서울역,,
남영동,20191,3,0.0,"남영, 서울역, 숙대입구(갈월)",,
남영동,20192,3,0.0,"서울역, 남영, 숙대입구(갈월)",,
남영동,20193,3,0.0,"서울역, 남영, 숙대입구(갈월)",,
남영동,20194,3,0.0,"서울역, 숙대입구(갈월), 남영",,
남영동,20201,3,0.0,"서울역, 남영, 숙대입구(갈월)",,
남영동,20202,3,0.0,"남영, 서울역, 숙대입구(갈월)",,
남영동,20203,3,0.0,"숙대입구(갈월), 남영, 서울역",,
남영동,20204,3,0.0,"서울역, 남영, 숙대입구(갈월)",,
남영동,20211,3,4798318.0,"남영, 서울역, 숙대입구(갈월)",,
남영동,20212,3,5516242.0,"남영, 숙대입구(갈월), 서울역",,
남영동,20213,3,4702564.0,"남영, 숙대입구(갈월), 서울역",,
남영동,20214,3,5652780.0,"서울역, 숙대입구(갈월), 남영",,
남현동,0,1,0.0,0,,
내곡동,0,1,0.0,청계산입구,,
노량진1동,20191,2,0.0,"노들, 노량진",,
노량진1동,20192,2,0.0,"노량진, 노들",,
노량진1동,20193,2,0.0,"노들, 노량진",,
노량진1동,20194,2,0.0,"노들, 노량진",,
노량진1동,20201,2,0.0,"노량진, 노들",,
노량진1동,20202,2,0.0,"노들, 노량진",,
노량진1동,20203,2,0.0,"노들, 노량진",,
노량진1동,20204,2,0.0,"노량진, 노들",,
노량진1동,20211,2,5358959.0,"노들, 노량진",,
노량진1동,20212,2,6223084.0,"노들, 노량진",,
노량진1동,20213,2,5553411.0,"노들, 노량진",,
노량진1동,20214,2,6303233.0,"노들, 노량진",,
노량진2동,0,1,0.0,0,,
녹번동,20191,2,0.0,"녹번, 역촌",,
녹번동,20192,2,0.0,"녹번, 역촌",,
녹번동,20193,2,0.0,"녹번, 역촌",,
녹번동,20194,2,0.0,"역촌, 녹번",,
녹번동,20201,2,0.0,"역촌, 녹번",,
녹번동,20202,2,0.0,"역촌, 녹번",,
녹번동,20203,2,0.0,"녹번, 역촌",,
녹번동,20204,2,0.0,"역촌, 녹번",,
녹번동,20211,2,2558110.0,"녹번, 역촌",,
녹번동,20212,2,2893354.0,"녹번, 역촌",,
녹번동,20213,2,2677678.0,"녹번, 역촌",,
녹번동,20214,2,2997267.0,"녹번, 역촌",,
논현1동,0,2,0.0,"논현, 신사",,
논현1동,20191,2,0.0,"논현, 신사",,
논현1동,20192,2,0.0,"논현, 신사",,
논현1동,20193,2,0.0,"신사, 논현",,
논현1동,20194,2,0.0,"신사, 논현",,
논현1동,20201,2,0.0,"논현, 신사",,
논현1동,20202,2,0.0,"신사, 논현",,
논현1동,20203,2,0.0,"신사, 논현",,
논현1동,20204,2,0.0,"논현, 신사",,
논현1동,20211,2,7443750.0,"논현, 신사",,
논현1동,20212,2,8079524.0,"논현, 신사",,
논현1동,20213,2,7088502.0,"논현, 신사",,
논현1동,20214,2,8183139.0,"신사, 논현",,
논현2동,20191,3,0.0,"학동, 선정릉, 강남구청",,
논현2동,20192,3,0.0,"강남구청, 학동, 선정릉",,
논현2동,20193,3,0.0,"학동, 강남구청, 선정릉",,
논현2동,20194,3,0.0,"선정릉, 강남구청, 학동",,
논현2동,20201,3,0.0,"선정릉, 강남구청, 학동",,
논현2동,20202,3,0.0,"선정릉, 강남구청, 학동",,
논현2동,20203,3,0.0,"학동, 강남구청, 선정릉",,
논현2동,20204,3,0.0,"학동, 선정릉, 강남구청",,
논현2동,20211,3,8184047.0,"학동, 강남구청, 선정릉",,
논현2동,20212,3,9084914.0,"학동, 선정릉, 강남구청",,
논현2동,20213,3,8001587.0,"강남구청, 학동, 선정릉",,
논현2동,20214,3,9194752.0,"선정릉, 강남구청, 학동",,
능동,20191,2,0.0,"군자(능동), 어린이대공원(세종대)",,
능동,20192,2,0.0,"어린이대공원(세종대), 군자(능동)",,
능동,20193,2,0.0,"군자(능동), 어린이대공원(세종대)",,
능동,20194,2,0.0,"어린이대공원(세종대), 군자(능동)",,
능동,20201,2,0.0,"어린이대공원(세종대), 군자(능동)",,
능동,20202,2,0.0,"군자(능동), 어린이대공원(세종대)",,
능동,20203,2,0.0,"군자(능동), 어린이대공원(세종대)",,
능동,20204,2,0.0,"어린이대공원(세종대), 군자(능동)",,
능동,20211,2,5244534.0,"군자(능동), 어린이대공원(세종대)",,
능동,20212,2,6049105.0,"어린이대공원(세종대), 군자(능동)",,
능동,20213,2,5269697.0,"군자(능동), 어린이대공원(세종대)",,
능동,20214,2,6030196.0,"어린이대공원(세종대), 군자(능동)",,
다산동,20191,2,0.0,"청구, 약수",,
다산동,20192,2,0.0,"청구, 약수",,
다산동,20193,2,0.0,"약수, 청구",,
다산동,20194,2,0.0,"약수, 청구",,
다산동,20201,2,0.0,"약수, 청구",,
다산동,20202,2,0.0,"약수, 청구",,
다산동,20203,2,0.0,"청구, 약수",,
다산동,20204,2,0.0,"청구, 약수",,
다산동,20211,2,2329396.0,"청구, 약수",,
다산동,20212,2,2621694.0,"청구, 약수",,
다산동,20213,2,2352882.0,"청구, 약수",,
다산동,20214,2,2637595.0,"약수, 청구",,
답십리1동,0,1,0.0,0,,
답십리2동,0,1,0.0,0,,
당산1동,20191,1,0.0,영등포구청,,
당산1동,20192,1,0.0,영등포구청,,
당산1동,20193,1,0.0,영등포구청,,
당산1동,20194,1,0.0,영등포구청,,
당산1동,20201,1,0.0,영등포구청,,
당산1동,20202,1,0.0,영등포구청,,
당산1동,20203,1,0.0,영등포구청,,
당산1동,20204,1,0.0,영등포구청,,
당산1동,20211,1,3727517.0,영등포구청,,
당산1동,20212,1,4118322.0,영등포구청,,
당산1동,20213,1,3636054.0,영등포구청,,
당산1동,20214,1,4138178.0,영등포구청,,
당산2동,20191,1,0.0,당산,,
당산2동,20192,1,0.0,당산,,
당산2동,20193,1,0.0,당산,,
당산2동,20194,1,0.0,당산,,
당산2동,20201,1,0.0,당산,,
당산2동,20202,1,0.0,당산,,
당산2동,20203,1,0.0,당산,,
당산2동,20204,1,0.0,당산,,
당산2동,20211,1,5262149.0,당산,,
당산2동,20212,1,6012323.0,당산,,
당산2동,20213,1,5209142.0,당산,,
당산2동,20214,1,5978216.0,당산,,
대림1동,0,1,0.0,0,,
대림2동,20191,1,0.0,대림(구로구청),,
대림2동,20192,1,0.0,대림(구로구청),,
대림2동,20193,1,0.0,대림(구로구청),,
대림2동,20194,1,0.0,대림(구로구청),,
대림2동,20201,1,0.0,대림(구로구청),,
대림2동,20202,1,0.0,대림(구로구청),,
대림2동,20203,1,0.0,대림(구로구청),,
대림2동,20204,1,0.0,대림(구로구청),,
대림2동,20211,1,1184508.0,대림(구로구청),,
대림2동,20212,1,1356125.0,대림(구로구청),,
대림2동,20213,1,1247055.0,대림(구로구청),,
대림2동,20214,1,1361595.0,대림(구로구청),,
대림3동,0,1,0.0,0,,
대방동,20191,2,0.0,"신대방삼거리, 보라매",,
대방동,20192,2,0.0,"보라매, 신대방삼거리",,
대방동,20193,2,0.0,"보라매, 신대방삼거리",,
대방동,20194,2,0.0,"보라매, 신대방삼거리",,
대방동,20201,2,0.0,"보라매, 신대방삼거리",,
대방동,20202,2,0.0,"신대방삼거리, 보라매",,
대방동,20203,2,0.0,"신대방삼거리, 보라매",,
대방동,20204,2,0.0,"보라매, 신대방삼거리",,
대방동,20211,2,3633615.0,"보라매, 신대방삼거리",,
대방동,20212,2,4056267.0,"신대방삼거리, 보라매",,
대방동,20213,2,3649964.0,"보라매, 신대방삼거리",,
대방동,20214,2,4089522.0,"신대방삼거리, 보라매",,
대조동,0,1,0.0,연신내,,
대조동,20191,2,0.0,"연신내, 불광",,
대조동,20192,2,0.0,"연신내, 불광",,
대조동,20193,2,0.0,"연신내, 불광",,
대조동,20194,2,0.0,"불광, 연신내",,
대조동,20201,2,0.0,"불광, 연신내",,
대조동,20202,2,0.0,"불광, 연신내",,
대조동,20203,2,0.0,"불광, 연신내",,
대조동,20204,2,0.0,"연신내, 불광",,
대조동,20211,2,3083089.0,"불광, 연신내",,
대조동,20212,2,3503785.0,"불광, 연신내",,
대조동,20213,2,3122901.0,"연신내, 불광",,
대조동,20214,2,3488018.0,"불광, 연신내",,
대치1동,20191,1,0.0,도곡,,
대치1동,20192,1,0.0,도곡,,
대치1동,20193,1,0.0,도곡,,
대치1동,20194,1,0.0,도곡,,
대치1동,20201,1,0.0,도곡,,
대치1동,20202,1,0.0,도곡,,
대치1동,20203,1,0.0,도곡,,
대치1동,20204,1,0.0,도곡,,
대치1동,20211,1,757532.0,도곡,,
대치1동,20212,1,854048.0,도곡,,
대치1동,20213,1,724863.0,도곡,,
대치1동,20214,1,833023.0,도곡,,
대치2동,0,1,0.0,삼성,,
대치2동,20191,3,0.0,"대치, 학여울, 삼성(무역센터)",,
대치2동,20192,3,0.0,"삼성(무역센터), 대치, 학여울",,
대치2동,20193,3,0.0,"대치, 학여울, 삼성(무역센터)",,
대치2동,20194,3,0.0,"삼성(무역센터), 학여울, 대치",,
대치2동,20201,3,0.0,"대치, 삼성(무역센터), 학여울",,
대치2동,20202,3,0.0,"학여울, 대치, 삼성(무역센터)",,
대치2동,20203,3,0.0,"학여울, 대치, 삼성(무역센터)",,
대치2동,20204,3,0.0,"학여울, 삼성(무역센터), 대치",,
대치2동,20211,3,8646501.0,"삼성(무역센터), 학여울, 대치",,
대치2동,20212,3,9784314.0,"대치, 삼성(무역센터), 학여울",,
대치2동,20213,3,8327630.0,"학여울, 삼성(무역센터), 대치",,
대치2동,20214,3,10148854.0,"대치, 학여울, 삼성(무역센터)",,
대치4동,0,1,0.0,0,,
대학동,0,1,0.0,관악산(서울대),,
대흥동,0,1,0.0,서강대,,
대흥동,20191,2,0.0,"대흥(서강대앞), 이대",,
대흥동,20192,2,0.0,"이대, 대흥(서강대앞)",,
대흥동,20193,2,0.0,"대흥(서강대앞), 이대",,
대흥동,20194,2,0.0,"이대, 대흥(서강대앞)",,
대흥동,20201,2,0.0,"대흥(서강대앞), 이대",,
대흥동,20202,2,0.0,"이대, 대흥(서강대앞)",,
대흥동,20203,2,0.0,"대흥(서강대앞), 이대",,
대흥동,20204,2,0.0,"이대, 대흥(서강대앞)",,
대흥동,20211,2,2821849.0,"이대, 대흥(서강대앞)",,
대흥동,20212,2,3338453.0,"대흥(서강대앞), 이대",,
대흥동,20213,2,2970919.0,"대흥(서강대앞), 이대",,
대흥동,20214,2,3446430.0,"이대, 대흥(서강대앞)",,
도곡1동,20191,1,0.0,매봉,,
도곡1동,20192,1,0.0,매봉,,
도곡1동,20193,1,0.0,매봉,,
도곡1동,20194,1,0.0,매봉,,
도곡1동,20201,1,0.0,매봉,,
도곡1동,20202,1,0.0,매봉,,
도곡1동,20203,1,0.0,매봉,,
도곡1동,20204,1,0.0,매봉,,
도곡1동,20211,1,1636567.0,매봉,,
도곡1동,20212,1,1837113.0,매봉,,
도곡1동,20213,1,1648515.0,매봉,,
도곡1동,20214,1,1842119.0,매봉,,
도곡2동,20191,2,0.0,"도곡, 한티",,
도곡2동,20192,2,0.0,"한티, 도곡",,
도곡2동,20193,2,0.0,"도곡, 한티",,
도곡2동,20194,2,0.0,"한티, 도곡",,
도곡2동,20201,2,0.0,"한티, 도곡",,
도곡2동,20202,2,0.0,"도곡, 한티",,
도곡2동,20203,2,0.0,"도곡, 한티",,
도곡2동,20204,2,0.0,"한티, 도곡",,
도곡2동,20211,2,2958426.0,"도곡, 한티",,
도곡2동,20212,2,3275153.0,"도곡, 한티",,
도곡2동,20213,2,3086508.0,"한티, 도곡",,
도곡2동,20214,2,3391884.0,"한티, 도곡",,
도림동,0,1,0.0,0,,
도봉1동,0,1,0.0,0,,
도봉2동,20191,2,0.0,"도봉산, 도봉",,
도봉2동,20192,2,0.0,"도봉산, 도봉",,
도봉2동,20193,2,0.0,"도봉산, 도봉",,
도봉2동,20194,2,0.0,"도봉, 도봉산",,
도봉2동,20201,2,0.0,"도봉산, 도봉",,
도봉2동,20202,2,0.0,"도봉, 도봉산",,
도봉2동,20203,2,0.0,"도봉, 도봉산",,
도봉2동,20204,2,0.0,"도봉산, 도봉",,
도봉2동,20211,2,3286936.0,"도봉, 도봉산",,
도봉2동,20212,2,3852760.0,"도봉산, 도봉",,
도봉2동,20213,2,3415984.0,"도봉, 도봉산",,
도봉2동,20214,2,3822120.0,"도봉산, 도봉",,
도화동,0,1,0.0,공덕,,
독산1동,0,1,0.0,0,,
독산2동,0,1,0.0,0,,
독산3동,0,1,0.0,0,,
독산4동,0,1,0.0,0,,
돈암1동,0,1,0.0,0,,
돈암2동,0,1,0.0,0,,
동선동,0,1,0.0,0,,
동화동,0,1,0.0,0,,
둔촌1동,0,1,0.0,둔촌오륜,,
둔촌1동,20191,1,0.0,둔촌동,,
둔촌1동,20192,1,0.0,둔촌동,,
둔촌1동,20193,1,0.0,둔촌동,,
둔촌1동,20194,1,0.0,둔촌동,,
둔촌1동,20201,1,0.0,둔촌동,,
둔촌1동,20202,1,0.0,둔촌동,,
둔촌1동,20203,1,0.0,둔촌동,,
둔촌1동,20204,1,0.0,둔촌동,,
둔촌1동,20211,1,1221161.0,둔촌동,,
둔촌1동,20212,1,1376071.0,둔촌동,,
둔촌1동,20213,1,1229257.0,둔촌동,,
둔촌1동,20214,1,1378377.0,둔촌동,,
둔촌2동,0,1,0.0,중앙보훈병원,,
등촌1동,20191,1,0.0,증미,,
등촌1동,20192,1,0.0,증미,,
등촌1동,20193,1,0.0,증미,,
등촌1동,20194,1,0.0,증미,,
등촌1동,20201,1,0.0,증미,,
등촌1동,20202,1,0.0,증미,,
등촌1동,20203,1,0.0,증미,,
등촌1동,20204,1,0.0,증미,,
등촌1동,20211,1,1017608.0,증미,,
등촌1동,20212,1,1130250.0,증미,,
등촌1동,20213,1,1033498.0,증미,,
등촌1동,20214,1,1114960.0,증미,,
등촌2동,0,1,0.0,0,,
등촌3동,20191,1,0.0,가양,,
등촌3동,20192,1,0.0,가양,,
등촌3동,20193,1,0.0,가양,,
등촌3동,20194,1,0.0,가양,,
등촌3동,20201,1,0.0,가양,,
등촌3동,20202,1,0.0,가양,,
등촌3동,20203,1,0.0,가양,,
등촌3동,20204,1,0.0,가양,,
등촌3동,20211,1,2807794.0,가양,,
등촌3동,20212,1,3141977.0,가양,,
등촌3동,20213,1,2823344.0,가양,,
등촌3동,20214,1,3195921.0,가양,,
마장동,20191,1,0.0,마장,,
마장동,20192,1,0.0,마장,,
마장동,20193,1,0.0,마장,,
마장동,20194,1,0.0,마장,,
마장동,20201,1,0.0,마장,,
마장동,20202,1,0.0,마장,,
마장동,20203,1,0.0,마장,,
마장동,20204,1,0.0,마장,,
마장동,20211,1,778151.0,마장,,
마장동,20212,1,855192.0,마장,,
마장동,20213,1,764123.0,마장,,
마장동,20214,1,869565.0,마장,,
마천1동,20191,1,0.0,마천,,
마천1동,20192,1,0.0,마천,,
마천1동,20193,1,0.0,마천,,
마천1동,20194,1,0.0,마천,,
마천1동,20201,1,0.0,마천,,
마천1동,20202,1,0.0,마천,,
마천1동,20203,1,0.0,마천,,
마천1동,20204,1,0.0,마천,,
마천1동,20211,1,871977.0,마천,,
마천1동,20212,1,1019565.0,마천,,
마천1동,20213,1,920887.0,마천,,
마천1동,20214,1,1083415.0,마천,,
마천2동,0,1,0.0,0,,
망우3동,0,1,0.0,0,,
망우본동,20191,2,0.0,"신내, 양원",,
망우본동,20192,2,0.0,"양원, 신내",,
망우본동,20193,2,0.0,"신내, 양원",,
망우본동,20194,2,0.0,"양원, 신내",,
망우본동,20201,2,0.0,"양원, 신내",,
망우본동,20202,2,0.0,"양원, 신내",,
망우본동,20203,2,0.0,"신내, 양원",,
망우본동,20204,2,0.0,"양원, 신내",,
망우본동,20211,2,433523.0,"신내, 양원",,
망우본동,20212,2,567113.0,"양원, 신내",,
망우본동,20213,2,508042.0,"양원, 신내",,
망우본동,20214,2,636868.0,"신내, 양원",,
망원1동,0,1,0.0,0,,
망원2동,0,1,0.0,0,,
면목2동,0,1,0.0,0,,
면목3·8동 ,0,1,0.0,0,,
면목4동,0,1,0.0,용마산,,
면목4동,20191,1,0.0,용마산,,
면목4동,20192,1,0.0,용마산,,
면목4동,20193,1,0.0,용마산,,
면목4동,20194,1,0.0,용마산,,
면목4동,20201,1,0.0,용마산,,
면목5동,0,1,0.0,0,,
면목7동,0,1,0.0,0,,
면목본동,20191,1,0.0,면목,,
면목본동,20192,1,0.0,면목,,
면목본동,20193,1,0.0,면목,,
면목본동,20194,1,0.0,면목,,
면목본동,20201,1,0.0,면목,,
면목본동,20202,1,0.0,면목,,
면목본동,20203,1,0.0,면목,,
면목본동,20204,1,0.0,면목,,
면목본동,20211,1,2198976.0,면목,,
면목본동,20212,1,2481507.0,면목,,
면목본동,20213,1,2222333.0,면목,,
면목본동,20214,1,2526575.0,면목,,
명동,20191,1,0.0,명동,,
명동,20192,1,0.0,명동,,
명동,20193,1,0.0,명동,,
명동,20194,1,0.0,명동,,
명동,20201,1,0.0,명동,,
명동,20202,1,0.0,명동,,
명동,20203,1,0.0,명동,,
명동,20204,1,0.0,명동,,
명동,20211,1,2375450.0,명동,,
명동,20212,1,2818471.0,명동,,
명동,20213,1,2424744.0,명동,,
명동,20214,1,3225023.0,명동,,
명일1동,20191,1,0.0,명일,,
명일1동,20192,1,0.0,명일,,
명일1동,20193,1,0.0,명일,,
명일1동,20194,1,0.0,명일,,
명일1동,20201,1,0.0,명일,,
명일1동,20202,1,0.0,명일,,
명일1동,20203,1,0.0,명일,,
명일1동,20204,1,0.0,명일,,
명일1동,20211,1,1210308.0,명일,,
명일1동,20212,1,1403189.0,명일,,
명일1동,20213,1,1217172.0,명일,,
명일1동,20214,1,1403220.0,명일,,
명일2동,20191,1,0.0,고덕,,
명일2동,20192,1,0.0,고덕,,
명일2동,20193,1,0.0,고덕,,
명일2동,20194,1,0.0,고덕,,
명일2동,20201,1,0.0,고덕,,
명일2동,20202,1,0.0,고덕,,
명일2동,20203,1,0.0,고덕,,
명일2동,20204,1,0.0,고덕,,
명일2동,20211,1,1244671.0,고덕,,
명일2동,20212,1,1452028.0,고덕,,
명일2동,20213,1,1330321.0,고덕,,
명일2동,20214,1,1510595.0,고덕,,
목1동,20191,2,0.0,"목동, 오목교(목동운동장앞)",,
목1동,20192,2,0.0,"목동, 오목교(목동운동장앞)",,
목1동,20193,2,0.0,"오목교(목동운동장앞), 목동",,
목1동,20194,2,0.0,"오목교(목동운동장앞), 목동",,
목1동,20201,2,0.0,"오목교(목동운동장앞), 목동",,
목1동,20202,2,0.0,"오목교(목동운동장앞), 목동",,
목1동,20203,2,0.0,"오목교(목동운동장앞), 목동",,
목1동,20204,2,0.0,"오목교(목동운동장앞), 목동",,
목1동,20211,2,5789782.0,"오목교(목동운동장앞), 목동",,
목1동,20212,2,6420892.0,"목동, 오목교(목동운동장앞)",,
목1동,20213,2,5632815.0,"목동, 오목교(목동운동장앞)",,
목1동,20214,2,6298039.0,"오목교(목동운동장앞), 목동",,
목2동,20191,2,0.0,"신목동, 염창",,
목2동,20192,2,0.0,"염창, 신목동",,
목2동,20193,2,0.0,"신목동, 염창",,
목2동,20194,2,0.0,"신목동, 염창",,
목2동,20201,2,0.0,"염창, 신목동",,
목2동,20202,2,0.0,"신목동, 염창",,
목2동,20203,2,0.0,"신목동, 염창",,
목2동,20204,2,0.0,"염창, 신목동",,
목2동,20211,2,2867879.0,"염창, 신목동",,
목2동,20212,2,3226189.0,"신목동, 염창",,
목2동,20213,2,2847663.0,"염창, 신목동",,
목2동,20214,2,3273223.0,"신목동, 염창",,
목3동,20191,1,0.0,등촌,,
목3동,20192,1,0.0,등촌,,
목3동,20193,1,0.0,등촌,,
목3동,20194,1,0.0,등촌,,
목3동,20201,1,0.0,등촌,,
목3동,20202,1,0.0,등촌,,
목3동,20203,1,0.0,등촌,,
목3동,20204,1,0.0,등촌,,
목3동,20211,1,1538408.0,등촌,,
목3동,20212,1,1738602.0,등촌,,
목3동,20213,1,1612831.0,등촌,,
목3동,20214,1,1794602.0,등촌,,
목4동,0,1,0.0,0,,
목5동,0,1,0.0,0,,
무악동,0,1,0.0,0,,
묵1동,0,1,0.0,0,,
묵2동,20191,1,0.0,먹골,,
묵2동,20192,1,0.0,먹골,,
묵2동,20193,1,0.0,먹골,,
묵2동,20194,1,0.0,먹골,,
묵2동,20201,1,0.0,먹골,,
묵2동,20202,1,0.0,먹골,,
묵2동,20203,1,0.0,먹골,,
묵2동,20204,1,0.0,먹골,,
묵2동,20211,1,1442263.0,먹골,,
묵2동,20212,1,1609193.0,먹골,,
묵2동,20213,1,1464064.0,먹골,,
묵2동,20214,1,1624412.0,먹골,,
문래동,20191,1,0.0,문래,,
문래동,20192,1,0.0,문래,,
문래동,20193,1,0.0,문래,,
문래동,20194,1,0.0,문래,,
문래동,20201,1,0.0,문래,,
문래동,20202,1,0.0,문래,,
문래동,20203,1,0.0,문래,,
문래동,20204,1,0.0,문래,,
문래동,20211,1,2910228.0,문래,,
문래동,20212,1,3306523.0,문래,,
문래동,20213,1,2879811.0,문래,,
문래동,20214,1,3303760.0,문래,,
문정1동,0,1,0.0,0,,
문정2동,20191,2,0.0,"문정, 복정",,
문정2동,20192,2,0.0,"복정, 문정",,
문정2동,20193,2,0.0,"복정, 문정",,
문정2동,20194,2,0.0,"복정, 문정",,
문정2동,20201,2,0.0,"복정, 문정",,
문정2동,20202,2,0.0,"문정, 복정",,
문정2동,20203,2,0.0,"복정, 문정",,
문정2동,20204,2,0.0,"복정, 문정",,
문정2동,20211,2,4434472.0,"복정, 문정",,
문정2동,20212,2,4894205.0,"문정, 복정",,
문정2동,20213,2,4298758.0,"문정, 복정",,
문정2동,20214,2,4922520.0,"복정, 문정",,
미성동,0,1,0.0,0,,
미아동,20191,1,0.0,미아(서울사이버대학),,
미아동,20192,1,0.0,미아(서울사이버대학),,
미아동,20193,1,0.0,미아(서울사이버대학),,
미아동,20194,1,0.0,미아(서울사이버대학),,
미아동,20201,1,0.0,미아(서울사이버대학),,
미아동,20202,1,0.0,미아(서울사이버대학),,
미아동,20203,1,0.0,미아(서울사이버대학),,
미아동,20204,1,0.0,미아(서울사이버대학),,
미아동,20211,1,2123007.0,미아(서울사이버대학),,
미아동,20212,1,2362867.0,미아(서울사이버대학),,
미아동,20213,1,2120956.0,미아(서울사이버대학),,
미아동,20214,1,2350004.0,미아(서울사이버대학),,
반포1동,20191,2,0.0,"반포, 사평",,
반포1동,20192,2,0.0,"사평, 반포",,
반포1동,20193,2,0.0,"반포, 사평",,
반포1동,20194,2,0.0,"사평, 반포",,
반포1동,20201,2,0.0,"사평, 반포",,
반포1동,20202,2,0.0,"사평, 반포",,
반포1동,20203,2,0.0,"반포, 사평",,
반포1동,20204,2,0.0,"사평, 반포",,
반포1동,20211,2,1243309.0,"사평, 반포",,
반포1동,20212,2,1416250.0,"사평, 반포",,
반포1동,20213,2,1287477.0,"반포, 사평",,
반포1동,20214,2,1455288.0,"사평, 반포",,
반포2동,20191,1,0.0,신반포,,
반포2동,20192,1,0.0,신반포,,
반포2동,20193,1,0.0,신반포,,
반포2동,20194,1,0.0,신반포,,
반포2동,20201,1,0.0,신반포,,
반포2동,20202,1,0.0,신반포,,
반포2동,20203,1,0.0,신반포,,
반포2동,20204,1,0.0,신반포,,
반포2동,20211,1,436980.0,신반포,,
반포2동,20212,1,516767.0,신반포,,
반포2동,20213,1,457328.0,신반포,,
반포2동,20214,1,525571.0,신반포,,
반포3동,0,1,0.0,0,,
반포4동,20191,1,0.0,고속터미널,,
반포4동,20192,1,0.0,고속터미널,,
반포4동,20193,1,0.0,고속터미널,,
반포4동,20194,1,0.0,고속터미널,,
반포4동,20201,1,0.0,고속터미널,,
반포4동,20202,1,0.0,고속터미널,,
반포4동,20203,1,0.0,고속터미널,,
반포4동,20204,1,0.0,고속터미널,,
반포4동,20211,1,10175342.0,고속터미널,,
반포4동,20212,1,11743724.0,고속터미널,,
반포4동,20213,1,10226305.0,고속터미널,,
반포4동,20214,1,12016877.0,고속터미널,,
반포본동,20191,1,0.0,구반포,,
반포본동,20192,1,0.0,구반포,,
반포본동,20193,1,0.0,구반포,,
반포본동,20194,1,0.0,구반포,,
반포본동,20201,1,0.0,구반포,,
반포본동,20202,1,0.0,구반포,,
반포본동,20203,1,0.0,구반포,,
반포본동,20204,1,0.0,구반포,,
반포본동,20211,1,395401.0,구반포,,
반포본동,20212,1,441196.0,구반포,,
반포본동,20213,1,347494.0,구반포,,
반포본동,20214,1,304533.0,구반포,,
발산1동,20191,1,0.0,우장산,,
발산1동,20192,1,0.0,우장산,,
발산1동,20193,1,0.0,우장산,,
발산1동,20194,1,0.0,우장산,,
발산1동,20201,1,0.0,우장산,,
발산1동,20202,1,0.0,우장산,,
발산1동,20203,1,0.0,우장산,,
발산1동,20204,1,0.0,우장산,,
발산1동,20211,1,1961020.0,우장산,,
발산1동,20212,1,2251699.0,우장산,,
발산1동,20213,1,1983679.0,우장산,,
발산1동,20214,1,2260152.0,우장산,,
방배1동,20191,1,0.0,내방,,
방배1동,20192,1,0.0,내방,,
방배1동,20193,1,0.0,내방,,
방배1동,20194,1,0.0,내방,,
방배1동,20201,1,0.0,내방,,
방배1동,20202,1,0.0,내방,,
방배1동,20203,1,0.0,내방,,
방배1동,20204,1,0.0,내방,,
방배1동,20211,1,2004940.0,내방,,
방배1동,20212,1,2192380.0,내방,,
방배1동,20213,1,1995237.0,내방,,
방배1동,20214,1,2216373.0,내방,,
방배2동,20191,1,0.0,남태령,,
방배2동,20192,1,0.0,남태령,,
방배2동,20193,1,0.0,남태령,,
방배2동,20194,1,0.0,남태령,,
방배2동,20201,1,0.0,남태령,,
방배2동,20202,1,0.0,남태령,,
방배2동,20203,1,0.0,남태령,,
방배2동,20204,1,0.0,남태령,,
방배2동,20211,1,159590.0,남태령,,
방배2동,20212,1,187573.0,남태령,,
방배2동,20213,1,158475.0,남태령,,
방배2동,20214,1,188889.0,남태령,,
방배3동,20191,1,0.0,방배,,
방배3동,20192,1,0.0,방배,,
방배3동,20193,1,0.0,방배,,
방배3동,20194,1,0.0,방배,,
방배3동,20201,1,0.0,방배,,
방배3동,20202,1,0.0,방배,,
방배3동,20203,1,0.0,방배,,
방배3동,20204,1,0.0,방배,,
방배3동,20211,1,2408144.0,방배,,
방배3동,20212,1,2692333.0,방배,,
방배3동,20213,1,2265126.0,방배,,
방배3동,20214,1,2697225.0,방배,,
방배4동,0,1,0.0,0,,
방배본동,0,1,0.0,0,,
방이1동,20191,1,0.0,방이,,
방이1동,20192,1,0.0,방이,,
방이1동,20193,1,0.0,방이,,
방이1동,20194,1,0.0,방이,,
방이1동,20201,1,0.0,방이,,
방이1동,20202,1,0.0,방이,,
방이1동,20203,1,0.0,방이,,
방이1동,20204,1,0.0,방이,,
방이1동,20211,1,1008731.0,방이,,
방이1동,20212,1,1119867.0,방이,,
방이1동,20213,1,1010021.0,방이,,
방이1동,20214,1,1148514.0,방이,,
방이2동,0,1,0.0,송파나루,,
방학1동,20191,1,0.0,방학,,
방학1동,20192,1,0.0,방학,,
방학1동,20193,1,0.0,방학,,
방학1동,20194,1,0.0,방학,,
방학1동,20201,1,0.0,방학,,
방학1동,20202,1,0.0,방학,,
방학1동,20203,1,0.0,방학,,
방학1동,20204,1,0.0,방학,,
방학1동,20211,1,1338559.0,방학,,
방학1동,20212,1,1543589.0,방학,,
방학1동,20213,1,1407554.0,방학,,
방학1동,20214,1,1552207.0,방학,,
방학2동,0,1,0.0,0,,
방학3동,0,1,0.0,0,,
방화1동,0,1,0.0,마곡나루,,
방화1동,20191,1,0.0,신방화,,
방화1동,20192,1,0.0,신방화,,
방화1동,20193,1,0.0,신방화,,
방화1동,20194,1,0.0,신방화,,
방화1동,20201,1,0.0,신방화,,
방화1동,20202,1,0.0,신방화,,
방화1동,20203,1,0.0,신방화,,
방화1동,20204,1,0.0,신방화,,
방화1동,20211,1,935097.0,신방화,,
방화1동,20212,1,1056060.0,신방화,,
방화1동,20213,1,966530.0,신방화,,
방화1동,20214,1,1080983.0,신방화,,
방화2동,0,1,0.0,김포공항,,
방화2동,20191,3,0.0,"김포공항, 개화, 개화산",,
방화2동,20192,3,0.0,"김포공항, 개화, 개화산",,
방화2동,20193,3,0.0,"개화산, 개화, 김포공항",,
방화2동,20194,3,0.0,"개화, 개화산, 김포공항",,
방화2동,20201,3,0.0,"김포공항, 개화, 개화산",,
방화2동,20202,3,0.0,"개화, 김포공항, 개화산",,
방화2동,20203,3,0.0,"개화산, 개화, 김포공항",,
방화2동,20204,3,0.0,"개화산, 개화, 김포공항",,
방화2동,20211,3,3494572.0,"김포공항, 개화, 개화산",,
방화2동,20212,3,4162404.0,"김포공항, 개화산, 개화",,
방화2동,20213,3,3766518.0,"개화, 개화산, 김포공항",,
방화2동,20214,3,4226319.0,"개화산, 개화, 김포공항",,
방화3동,20191,1,0.0,방화,,
방화3동,20192,1,0.0,방화,,
방화3동,20193,1,0.0,방화,,
방화3동,20194,1,0.0,방화,,
방화3동,20201,1,0.0,방화,,
방화3동,20202,1,0.0,방화,,
방화3동,20203,1,0.0,방화,,
방화3동,20204,1,0.0,방화,,
방화3동,20211,1,933577.0,방화,,
방화3동,20212,1,1055214.0,방화,,
방화3동,20213,1,957135.0,방화,,
방화3동,20214,1,1058757.0,방화,,
번1동,20191,1,0.0,수유(강북구청),,
번1동,20192,1,0.0,수유(강북구청),,
번1동,20193,1,0.0,수유(강북구청),,
번1동,20194,1,0.0,수유(강북구청),,
번1동,20201,1,0.0,수유(강북구청),,
번1동,20202,1,0.0,수유(강북구청),,
번1동,20203,1,0.0,수유(강북구청),,
번1동,20204,1,0.0,수유(강북구청),,
번1동,20211,1,4910489.0,수유(강북구청),,
번1동,20212,1,5437015.0,수유(강북구청),,
번1동,20213,1,4921783.0,수유(강북구청),,
번1동,20214,1,5459953.0,수유(강북구청),,
번2동,0,1,0.0,0,,
번3동,0,1,0.0,0,,
보광동,0,1,0.0,0,,
보라매,0,1,0.0,0,,
보문동,20191,1,0.0,보문,,
보문동,20192,1,0.0,보문,,
보문동,20193,1,0.0,보문,,
보문동,20194,1,0.0,보문,,
보문동,20201,1,0.0,보문,,
보문동,20202,1,0.0,보문,,
보문동,20203,1,0.0,보문,,
보문동,20204,1,0.0,보문,,
보문동,20211,1,1192251.0,보문,,
보문동,20212,1,1343211.0,보문,,
보문동,20213,1,1202719.0,보문,,
보문동,20214,1,1355894.0,보문,,
부암동,0,1,0.0,0,,
북가좌1동,0,1,0.0,0,,
북가좌2동,0,1,0.0,0,,
북아현동,0,1,0.0,0,,
불광1동,20191,1,0.0,독바위,,
불광1동,20192,1,0.0,독바위,,
불광1동,20193,1,0.0,독바위,,
불광1동,20194,1,0.0,독바위,,
불광1동,20201,1,0.0,독바위,,
불광1동,20202,1,0.0,독바위,,
불광1동,20203,1,0.0,독바위,,
불광1동,20204,1,0.0,독바위,,
불광1동,20211,1,417331.0,독바위,,
불광1동,20212,1,466565.0,독바위,,
불광1동,20213,1,425520.0,독바위,,
불광1동,20214,1,456243.0,독바위,,
불광2동,20191,1,0.0,연신내,,
불광2동,20192,1,0.0,연신내,,
불광2동,20193,1,0.0,연신내,,
불광2동,20194,1,0.0,연신내,,
불광2동,20201,1,0.0,연신내,,
불광2동,20202,1,0.0,연신내,,
불광2동,20203,1,0.0,연신내,,
불광2동,20204,1,0.0,연신내,,
불광2동,20211,1,5253291.0,연신내,,
불광2동,20212,1,5877271.0,연신내,,
불광2동,20213,1,5292781.0,연신내,,
불광2동,20214,1,5811226.0,연신내,,
사근동,20191,2,0.0,"용답, 한양대",,
사근동,20192,2,0.0,"한양대, 용답",,
사근동,20193,2,0.0,"용답, 한양대",,
사근동,20194,2,0.0,"용답, 한양대",,
사근동,20201,2,0.0,"한양대, 용답",,
사근동,20202,2,0.0,"한양대, 용답",,
사근동,20203,2,0.0,"용답, 한양대",,
사근동,20204,2,0.0,"한양대, 용답",,
사근동,20211,2,1356328.0,"용답, 한양대",,
사근동,20212,2,1718365.0,"한양대, 용답",,
사근동,20213,2,1282131.0,"한양대, 용답",,
사근동,20214,2,1723325.0,"한양대, 용답",,
사당1동,20191,2,0.0,"이수, 사당",,
사당1동,20192,2,0.0,"사당, 이수",,
사당1동,20193,2,0.0,"이수, 사당",,
사당1동,20194,2,0.0,"사당, 이수",,
사당1동,20201,2,0.0,"사당, 이수",,
사당1동,20202,2,0.0,"이수, 사당",,
사당1동,20203,2,0.0,"사당, 이수",,
사당1동,20204,2,0.0,"이수, 사당",,
사당1동,20211,2,10683507.0,"이수, 사당",,
사당1동,20212,2,12135106.0,"이수, 사당",,
사당1동,20213,2,10470225.0,"사당, 이수",,
사당1동,20214,2,12511791.0,"이수, 사당",,
사당2동,20191,2,0.0,"동작(현충원), 총신대입구(이수)",,
사당2동,20192,2,0.0,"동작(현충원), 총신대입구(이수)",,
사당2동,20193,2,0.0,"동작(현충원), 총신대입구(이수)",,
사당2동,20194,2,0.0,"총신대입구(이수), 동작(현충원)",,
사당2동,20201,2,0.0,"총신대입구(이수), 동작(현충원)",,
사당2동,20202,2,0.0,"동작(현충원), 총신대입구(이수)",,
사당2동,20203,2,0.0,"총신대입구(이수), 동작(현충원)",,
사당2동,20204,2,0.0,"총신대입구(이수), 동작(현충원)",,
사당2동,20211,2,3422407.0,"동작(현충원), 총신대입구(이수)",,
사당2동,20212,2,3906944.0,"동작(현충원), 총신대입구(이수)",,
사당2동,20213,2,3385523.0,"총신대입구(이수), 동작(현충원)",,
사당2동,20214,2,3750509.0,"동작(현충원), 총신대입구(이수)",,
사당3동,0,1,0.0,0,,
사당4동,20191,1,0.0,남성,,
사당4동,20192,1,0.0,남성,,
사당4동,20193,1,0.0,남성,,
사당4동,20194,1,0.0,남성,,
사당4동,20201,1,0.0,남성,,
사당4동,20202,1,0.0,남성,,
사당4동,20203,1,0.0,남성,,
사당4동,20204,1,0.0,남성,,
사당4동,20211,1,1537889.0,남성,,
사당4동,20212,1,1717836.0,남성,,
사당4동,20213,1,1526415.0,남성,,
사당4동,20214,1,1685762.0,남성,,
사당5동,0,1,0.0,0,,
사직동,20191,2,0.0,"광화문(세종문화회관), 경복궁(정부서울청사)",,
사직동,20192,2,0.0,"경복궁(정부서울청사), 광화문(세종문화회관)",,
사직동,20193,2,0.0,"광화문(세종문화회관), 경복궁(정부서울청사)",,
사직동,20194,2,0.0,"경복궁(정부서울청사), 광화문(세종문화회관)",,
사직동,20201,2,0.0,"경복궁(정부서울청사), 광화문(세종문화회관)",,
사직동,20202,2,0.0,"광화문(세종문화회관), 경복궁(정부서울청사)",,
사직동,20203,2,0.0,"광화문(세종문화회관), 경복궁(정부서울청사)",,
사직동,20204,2,0.0,"광화문(세종문화회관), 경복궁(정부서울청사)",,
사직동,20211,2,6627579.0,"광화문(세종문화회관), 경복궁(정부서울청사)",,
사직동,20212,2,7574186.0,"광화문(세종문화회관), 경복궁(정부서울청사)",,
사직동,20213,2,6569474.0,"경복궁(정부서울청사), 광화문(세종문화회관)",,
사직동,20214,2,7959389.0,"경복궁(정부서울청사), 광화문(세종문화회관)",,
삼각산동,0,1,0.0,0,,
삼선동,20191,2,0.0,"성신여대입구(돈암), 한성대입구(삼선교)",,
삼선동,20192,2,0.0,"한성대입구(삼선교), 성신여대입구(돈암)",,
삼선동,20193,2,0.0,"한성대입구(삼선교), 성신여대입구(돈암)",,
삼선동,20194,2,0.0,"성신여대입구(돈암), 한성대입구(삼선교)",,
삼선동,20201,2,0.0,"성신여대입구(돈암), 한성대입구(삼선교)",,
삼선동,20202,2,0.0,"성신여대입구(돈암), 한성대입구(삼선교)",,
삼선동,20203,2,0.0,"한성대입구(삼선교), 성신여대입구(돈암)",,
삼선동,20204,2,0.0,"한성대입구(삼선교), 성신여대입구(돈암)",,
삼선동,20211,2,5177007.0,"성신여대입구(돈암), 한성대입구(삼선교)",,
삼선동,20212,2,5900672.0,"한성대입구(삼선교), 성신여대입구(돈암)",,
삼선동,20213,2,5206150.0,"한성대입구(삼선교), 성신여대입구(돈암)",,
삼선동,20214,2,5994110.0,"한성대입구(삼선교), 성신여대입구(돈암)",,
삼성1동,0,1,0.0,봉은사,,
삼성1동,20191,1,0.0,청담,,
삼성1동,20192,1,0.0,청담,,
삼성1동,20193,1,0.0,청담,,
삼성1동,20194,1,0.0,청담,,
삼성1동,20201,1,0.0,청담,,
삼성1동,20202,1,0.0,청담,,
삼성1동,20203,1,0.0,청담,,
삼성1동,20204,1,0.0,청담,,
삼성1동,20211,1,2821252.0,청담,,
삼성1동,20212,1,3113280.0,청담,,
삼성1동,20213,1,2683804.0,청담,,
삼성1동,20214,1,3102653.0,청담,,
삼성2동,0,2,0.0,"삼성중앙, 선정릉",,
삼성동,0,1,0.0,0,,
삼양동,20191,3,0.0,"솔샘, 삼양사거리, 삼양",,
삼양동,20192,3,0.0,"삼양, 삼양사거리, 솔샘",,
삼양동,20193,3,0.0,"솔샘, 삼양, 삼양사거리",,
삼양동,20194,3,0.0,"솔샘, 삼양, 삼양사거리",,
삼양동,20201,3,0.0,"솔샘, 삼양사거리, 삼양",,
삼양동,20202,3,0.0,"솔샘, 삼양사거리, 삼양",,
삼양동,20203,3,0.0,"솔샘, 삼양, 삼양사거리",,
삼양동,20204,3,0.0,"삼양, 삼양사거리, 솔샘",,
삼양동,20211,3,1407279.0,"삼양, 삼양사거리, 솔샘",,
삼양동,20212,3,1586638.0,"삼양, 삼양사거리, 솔샘",,
삼양동,20213,3,1460433.0,"솔샘, 삼양, 삼양사거리",,
삼양동,20214,3,1620634.0,"솔샘, 삼양사거리, 삼양",,
삼전동,0,1,0.0,0,,
삼청동,0,1,0.0,0,,
상계10동,0,1,0.0,0,,
상계1동,20191,1,0.0,수락산,,
상계1동,20192,1,0.0,수락산,,
상계1동,20193,1,0.0,수락산,,
상계1동,20194,1,0.0,수락산,,
상계1동,20201,1,0.0,수락산,,
상계1동,20202,1,0.0,수락산,,
상계1동,20203,1,0.0,수락산,,
상계1동,20204,1,0.0,수락산,,
상계1동,20211,1,1848282.0,수락산,,
상계1동,20212,1,2112985.0,수락산,,
상계1동,20213,1,1922090.0,수락산,,
상계1동,20214,1,2063607.0,수락산,,
상계2동,20191,1,0.0,노원,,
상계2동,20192,1,0.0,노원,,
상계2동,20193,1,0.0,노원,,
상계2동,20194,1,0.0,노원,,
상계2동,20201,1,0.0,노원,,
상계2동,20202,1,0.0,노원,,
상계2동,20203,1,0.0,노원,,
상계2동,20204,1,0.0,노원,,
상계2동,20211,1,2895411.0,노원,,
상계2동,20212,1,3241890.0,노원,,
상계2동,20213,1,2904488.0,노원,,
상계2동,20214,1,3244881.0,노원,,
상계3·4동,20191,1,0.0,당고개,,
상계3·4동,20192,1,0.0,당고개,,
상계3·4동,20193,1,0.0,당고개,,
상계3·4동,20194,1,0.0,당고개,,
상계3·4동,20201,1,0.0,당고개,,
상계3·4동,20202,1,0.0,당고개,,
상계3·4동,20203,1,0.0,당고개,,
상계3·4동,20204,1,0.0,당고개,,
상계3·4동,20211,1,1738687.0,당고개,,
상계3·4동,20212,1,2014041.0,당고개,,
상계3·4동,20213,1,1832227.0,당고개,,
상계3·4동,20214,1,1993700.0,당고개,,
상계5동,20191,1,0.0,상계,,
상계5동,20192,1,0.0,상계,,
상계5동,20193,1,0.0,상계,,
상계5동,20194,1,0.0,상계,,
상계5동,20201,1,0.0,상계,,
상계5동,20202,1,0.0,상계,,
상계5동,20203,1,0.0,상계,,
상계5동,20204,1,0.0,상계,,
상계5동,20211,1,2633935.0,상계,,
상계5동,20212,1,2957029.0,상계,,
상계5동,20213,1,2679748.0,상계,,
상계5동,20214,1,2943303.0,상계,,
상계6·7동,20191,1,0.0,노원,,
상계6·7동,20192,1,0.0,노원,,
상계6·7동,20193,1,0.0,노원,,
상계6·7동,20194,1,0.0,노원,,
상계6·7동,20201,1,0.0,노원,,
상계6·7동,20202,1,0.0,노원,,
상계6·7동,20203,1,0.0,노원,,
상계6·7동,20204,1,0.0,노원,,
상계6·7동,20211,1,2886075.0,노원,,
상계6·7동,20212,1,3217944.0,노원,,
상계6·7동,20213,1,2933850.0,노원,,
상계6·7동,20214,1,3218174.0,노원,,
상계8동,20191,1,0.0,마들,,
상계8동,20192,1,0.0,마들,,
상계8동,20193,1,0.0,마들,,
상계8동,20194,1,0.0,마들,,
상계8동,20201,1,0.0,마들,,
상계8동,20202,1,0.0,마들,,
상계8동,20203,1,0.0,마들,,
상계8동,20204,1,0.0,마들,,
상계8동,20211,1,1719436.0,마들,,
상계8동,20212,1,1932077.0,마들,,
상계8동,20213,1,1780174.0,마들,,
상계8동,20214,1,1988184.0,마들,,
상계9동,0,1,0.0,0,,
상도1동,20191,2,0.0,"숭실대입구(살피재), 상도",,
상도1동,20192,2,0.0,"상도, 숭실대입구(살피재)",,
상도1동,20193,2,0.0,"상도, 숭실대입구(살피재)",,
상도1동,20194,2,0.0,"상도, 숭실대입구(살피재)",,
상도1동,20201,2,0.0,"숭실대입구(살피재), 상도",,
상도1동,20202,2,0.0,"숭실대입구(살피재), 상도",,
상도1동,20203,2,0.0,"숭실대입구(살피재), 상도",,
상도1동,20204,2,0.0,"상도, 숭실대입구(살피재)",,
상도1동,20211,2,3124493.0,"상도, 숭실대입구(살피재)",,
상도1동,20212,2,3598212.0,"상도, 숭실대입구(살피재)",,
상도1동,20213,2,3124011.0,"상도, 숭실대입구(살피재)",,
상도1동,20214,2,3675565.0,"숭실대입구(살피재), 상도",,
상도2동,20191,1,0.0,장승배기,,
상도2동,20192,1,0.0,장승배기,,
상도2동,20193,1,0.0,장승배기,,
상도2동,20194,1,0.0,장승배기,,
상도2동,20201,1,0.0,장승배기,,
상도2동,20202,1,0.0,장승배기,,
상도2동,20203,1,0.0,장승배기,,
상도2동,20204,1,0.0,장승배기,,
상도2동,20211,1,1367192.0,장승배기,,
상도2동,20212,1,1514711.0,장승배기,,
상도2동,20213,1,1361084.0,장승배기,,
상도2동,20214,1,1478694.0,장승배기,,
상도3동,0,1,0.0,0,,
상도4동,0,1,0.0,0,,
상봉1동,20191,2,0.0,"망우, 상봉(시외버스터미널)",,
상봉1동,20192,2,0.0,"상봉(시외버스터미널), 망우",,
상봉1동,20193,2,0.0,"망우, 상봉(시외버스터미널)",,
상봉1동,20194,2,0.0,"망우, 상봉(시외버스터미널)",,
상봉1동,20201,2,0.0,"상봉(시외버스터미널), 망우",,
상봉1동,20202,2,0.0,"망우, 상봉(시외버스터미널)",,
상봉1동,20203,2,0.0,"망우, 상봉(시외버스터미널)",,
상봉1동,20204,2,0.0,"상봉(시외버스터미널), 망우",,
상봉1동,20211,2,1929480.0,"상봉(시외버스터미널), 망우",,
상봉1동,20212,2,2261504.0,"망우, 상봉(시외버스터미널)",,
상봉1동,20213,2,2031400.0,"망우, 상봉(시외버스터미널)",,
상봉1동,20214,2,2254133.0,"망우, 상봉(시외버스터미널)",,
상봉2동,20191,1,0.0,상봉(시외버스터미널),,
상봉2동,20192,1,0.0,상봉(시외버스터미널),,
상봉2동,20193,1,0.0,상봉(시외버스터미널),,
상봉2동,20194,1,0.0,상봉(시외버스터미널),,
상봉2동,20201,1,0.0,상봉(시외버스터미널),,
상봉2동,20202,1,0.0,상봉(시외버스터미널),,
상봉2동,20203,1,0.0,상봉(시외버스터미널),,
상봉2동,20204,1,0.0,상봉(시외버스터미널),,
상봉2동,20211,1,2397085.0,상봉(시외버스터미널),,
상봉2동,20212,1,2675926.0,상봉(시외버스터미널),,
상봉2동,20213,1,2382225.0,상봉(시외버스터미널),,
상봉2동,20214,1,2671264.0,상봉(시외버스터미널),,
상암동,0,1,0.0,디지털미디어시티,,
상암동,20191,1,0.0,디지털미디어시티,,
상암동,20192,1,0.0,디지털미디어시티,,
상암동,20193,1,0.0,디지털미디어시티,,
상암동,20194,1,0.0,디지털미디어시티,,
상암동,20201,1,0.0,디지털미디어시티,,
상암동,20202,1,0.0,디지털미디어시티,,
상암동,20203,1,0.0,디지털미디어시티,,
상암동,20204,1,0.0,디지털미디어시티,,
상암동,20211,1,1942709.0,디지털미디어시티,,
상암동,20212,1,2168853.0,디지털미디어시티,,
상암동,20213,1,1895934.0,디지털미디어시티,,
상암동,20214,1,2157049.0,디지털미디어시티,,
상일1동,20191,1,0.0,상일동,,
상일1동,20192,1,0.0,상일동,,
상일1동,20193,1,0.0,상일동,,
상일1동,20194,1,0.0,상일동,,
상일1동,20201,1,0.0,상일동,,
상일1동,20202,1,0.0,상일동,,
상일1동,20203,1,0.0,상일동,,
상일1동,20204,1,0.0,상일동,,
상일1동,20211,1,2258753.0,상일동,,
상일1동,20212,1,2357220.0,상일동,,
상일1동,20213,1,2070887.0,상일동,,
상일1동,20214,1,2321210.0,상일동,,
상일2동,0,1,0.0,0,,
서강동,20191,2,0.0,"광흥창(서강), 상수",,
서강동,20192,2,0.0,"상수, 광흥창(서강)",,
서강동,20193,2,0.0,"광흥창(서강), 상수",,
서강동,20194,2,0.0,"상수, 광흥창(서강)",,
서강동,20201,2,0.0,"상수, 광흥창(서강)",,
서강동,20202,2,0.0,"상수, 광흥창(서강)",,
서강동,20203,2,0.0,"광흥창(서강), 상수",,
서강동,20204,2,0.0,"광흥창(서강), 상수",,
서강동,20211,2,2377231.0,"광흥창(서강), 상수",,
서강동,20212,2,2745899.0,"광흥창(서강), 상수",,
서강동,20213,2,2411606.0,"광흥창(서강), 상수",,
서강동,20214,2,2828632.0,"광흥창(서강), 상수",,
서교동,0,1,0.0,홍대입구,,
서교동,20191,2,0.0,"망원, 홍대입구",,
서교동,20192,2,0.0,"망원, 홍대입구",,
서교동,20193,2,0.0,"홍대입구, 망원",,
서교동,20194,2,0.0,"홍대입구, 망원",,
서교동,20201,2,0.0,"망원, 홍대입구",,
서교동,20202,2,0.0,"망원, 홍대입구",,
서교동,20203,2,0.0,"망원, 홍대입구",,
서교동,20204,2,0.0,"홍대입구, 망원",,
서교동,20211,2,9855856.0,"망원, 홍대입구",,
서교동,20212,2,11542213.0,"망원, 홍대입구",,
서교동,20213,2,9723180.0,"홍대입구, 망원",,
서교동,20214,2,11869407.0,"홍대입구, 망원",,
서림동,0,1,0.0,서울대벤처타운,,
서빙고동,20191,1,0.0,서빙고,,
서빙고동,20192,1,0.0,서빙고,,
서빙고동,20193,1,0.0,서빙고,,
서빙고동,20194,1,0.0,서빙고,,
서빙고동,20201,1,0.0,서빙고,,
서빙고동,20202,1,0.0,서빙고,,
서빙고동,20203,1,0.0,서빙고,,
서빙고동,20204,1,0.0,서빙고,,
서빙고동,20211,1,253458.0,서빙고,,
서빙고동,20212,1,298311.0,서빙고,,
서빙고동,20213,1,261898.0,서빙고,,
서빙고동,20214,1,330776.0,서빙고,,
서원동,0,1,0.0,서원,,
서원동,20191,1,0.0,신림,,
서원동,20192,1,0.0,신림,,
서원동,20193,1,0.0,신림,,
서원동,20194,1,0.0,신림,,
서원동,20201,1,0.0,신림,,
서원동,20202,1,0.0,신림,,
서원동,20203,1,0.0,신림,,
서원동,20204,1,0.0,신림,,
서원동,20211,1,9004884.0,신림,,
서원동,20212,1,9940651.0,신림,,
서원동,20213,1,8992118.0,신림,,
서원동,20214,1,10056840.0,신림,,
서초1동,20191,1,0.0,교대(법원.검찰청),,
서초1동,20192,1,0.0,교대(법원.검찰청),,
서초1동,20193,1,0.0,교대(법원.검찰청),,
서초1동,20194,1,0.0,교대(법원.검찰청),,
서초1동,20201,1,0.0,교대(법원.검찰청),,
서초1동,20202,1,0.0,교대(법원.검찰청),,
서초1동,20203,1,0.0,교대(법원.검찰청),,
서초1동,20204,1,0.0,교대(법원.검찰청),,
서초1동,20211,1,4801783.0,교대(법원.검찰청),,
서초1동,20212,1,5368123.0,교대(법원.검찰청),,
서초1동,20213,1,4742141.0,교대(법원.검찰청),,
서초1동,20214,1,5383608.0,교대(법원.검찰청),,
서초2동,0,1,0.0,강남,,
서초2동,20191,1,0.0,양재(서초구청),,
서초2동,20192,1,0.0,양재(서초구청),,
서초2동,20193,1,0.0,양재(서초구청),,
서초2동,20194,1,0.0,양재(서초구청),,
서초2동,20201,1,0.0,양재(서초구청),,
서초2동,20202,1,0.0,양재(서초구청),,
서초2동,20203,1,0.0,양재(서초구청),,
서초2동,20204,1,0.0,양재(서초구청),,
서초2동,20211,1,5383143.0,양재(서초구청),,
서초2동,20212,1,6089103.0,양재(서초구청),,
서초2동,20213,1,5301683.0,양재(서초구청),,
서초2동,20214,1,6173584.0,양재(서초구청),,
서초3동,20191,3,0.0,"교대(법원.검찰청), 남부터미널(예술의전당), 서초",,
서초3동,20192,3,0.0,"남부터미널(예술의전당), 서초, 교대(법원.검찰청)",,
서초3동,20193,3,0.0,"교대(법원.검찰청), 서초, 남부터미널(예술의전당)",,
서초3동,20194,3,0.0,"서초, 교대(법원.검찰청), 남부터미널(예술의전당)",,
서초3동,20201,3,0.0,"남부터미널(예술의전당), 서초, 교대(법원.검찰청)",,
서초3동,20202,3,0.0,"서초, 남부터미널(예술의전당), 교대(법원.검찰청)",,
서초3동,20203,3,0.0,"교대(법원.검찰청), 서초, 남부터미널(예술의전당)",,
서초3동,20204,3,0.0,"교대(법원.검찰청), 서초, 남부터미널(예술의전당)",,
서초3동,20211,3,8533526.0,"교대(법원.검찰청), 남부터미널(예술의전당), 서초",,
서초3동,20212,3,9604245.0,"남부터미널(예술의전당), 교대(법원.검찰청), 서초",,
서초3동,20213,3,8391555.0,"남부터미널(예술의전당), 교대(법원.검찰청), 서초",,
서초3동,20214,3,9659792.0,"서초, 남부터미널(예술의전당), 교대(법원.검찰청)",,
서초4동,0,1,0.0,0,,
석관동,20191,1,0.0,석계,,
석관동,20192,1,0.0,석계,,
석관동,20193,1,0.0,석계,,
석관동,20194,1,0.0,석계,,
석관동,20201,1,0.0,석계,,
석관동,20202,1,0.0,석계,,
석관동,20203,1,0.0,석계,,
석관동,20204,1,0.0,석계,,
석관동,20211,1,2996002.0,석계,,
석관동,20212,1,3387333.0,석계,,
석관동,20213,1,3022967.0,석계,,
석관동,20214,1,3415563.0,석계,,
석촌동,0,2,0.0,"석촌고분, 석촌",,
석촌동,20191,1,0.0,석촌,,
석촌동,20192,1,0.0,석촌,,
석촌동,20193,1,0.0,석촌,,
석촌동,20194,1,0.0,석촌,,
석촌동,20201,1,0.0,석촌,,
석촌동,20202,1,0.0,석촌,,
석촌동,20203,1,0.0,석촌,,
석촌동,20204,1,0.0,석촌,,
석촌동,20211,1,1193342.0,석촌,,
석촌동,20212,1,1319052.0,석촌,,
석촌동,20213,1,1191508.0,석촌,,
석촌동,20214,1,1347059.0,석촌,,
성내1동,20191,1,0.0,강동구청,,
성내1동,20192,1,0.0,강동구청,,
성내1동,20193,1,0.0,강동구청,,
성내1동,20194,1,0.0,강동구청,,
성내1동,20201,1,0.0,강동구청,,
성내1동,20202,1,0.0,강동구청,,
성내1동,20203,1,0.0,강동구청,,
성내1동,20204,1,0.0,강동구청,,
성내1동,20211,1,1512767.0,강동구청,,
성내1동,20212,1,1633429.0,강동구청,,
성내1동,20213,1,1465081.0,강동구청,,
성내1동,20214,1,1650507.0,강동구청,,
성내2동,20191,2,0.0,"천호(풍납토성), 강동",,
성내2동,20192,2,0.0,"천호(풍납토성), 강동",,
성내2동,20193,2,0.0,"강동, 천호(풍납토성)",,
성내2동,20194,2,0.0,"강동, 천호(풍납토성)",,
성내2동,20201,2,0.0,"천호(풍납토성), 강동",,
성내2동,20202,2,0.0,"강동, 천호(풍납토성)",,
성내2동,20203,2,0.0,"강동, 천호(풍납토성)",,
성내2동,20204,2,0.0,"천호(풍납토성), 강동",,
성내2동,20211,2,5048421.0,"강동, 천호(풍납토성)",,
성내2동,20212,2,5426102.0,"천호(풍납토성), 강동",,
성내2동,20213,2,4826910.0,"천호(풍납토성), 강동",,
성내2동,20214,2,5466138.0,"강동, 천호(풍납토성)",,
성내3동,0,1,0.0,0,,
성북동,0,1,0.0,0,,
성산1동,0,1,0.0,0,,
성산2동,20191,2,0.0,"마포구청, 월드컵경기장(성산)",,
성산2동,20192,2,0.0,"월드컵경기장(성산), 마포구청",,
성산2동,20193,2,0.0,"마포구청, 월드컵경기장(성산)",,
성산2동,20194,2,0.0,"월드컵경기장(성산), 마포구청",,
성산2동,20201,2,0.0,"마포구청, 월드컵경기장(성산)",,
성산2동,20202,2,0.0,"월드컵경기장(성산), 마포구청",,
성산2동,20203,2,0.0,"마포구청, 월드컵경기장(성산)",,
성산2동,20204,2,0.0,"월드컵경기장(성산), 마포구청",,
성산2동,20211,2,2575357.0,"월드컵경기장(성산), 마포구청",,
성산2동,20212,2,2954795.0,"월드컵경기장(성산), 마포구청",,
성산2동,20213,2,2674443.0,"마포구청, 월드컵경기장(성산)",,
성산2동,20214,2,2977284.0,"마포구청, 월드컵경기장(성산)",,
성수1가1동,20191,1,0.0,서울숲,,
성수1가1동,20192,1,0.0,서울숲,,
성수1가1동,20193,1,0.0,서울숲,,
성수1가1동,20194,1,0.0,서울숲,,
성수1가1동,20201,1,0.0,서울숲,,
성수1가1동,20202,1,0.0,서울숲,,
성수1가1동,20203,1,0.0,서울숲,,
성수1가1동,20204,1,0.0,서울숲,,
성수1가1동,20211,1,1302371.0,서울숲,,
성수1가1동,20212,1,1864662.0,서울숲,,
성수1가1동,20213,1,1477647.0,서울숲,,
성수1가1동,20214,1,1791087.0,서울숲,,
성수1가2동,20191,1,0.0,뚝섬,,
성수1가2동,20192,1,0.0,뚝섬,,
성수1가2동,20193,1,0.0,뚝섬,,
성수1가2동,20194,1,0.0,뚝섬,,
성수1가2동,20201,1,0.0,뚝섬,,
성수1가2동,20202,1,0.0,뚝섬,,
성수1가2동,20203,1,0.0,뚝섬,,
성수1가2동,20204,1,0.0,뚝섬,,
성수1가2동,20211,1,2986441.0,뚝섬,,
성수1가2동,20212,1,3614622.0,뚝섬,,
성수1가2동,20213,1,3049113.0,뚝섬,,
성수1가2동,20214,1,3515841.0,뚝섬,,
성수2가1동 ,0,1,0.0,0,,
성수2가3동,20191,1,0.0,성수,,
성수2가3동,20192,1,0.0,성수,,
성수2가3동,20193,1,0.0,성수,,
성수2가3동,20194,1,0.0,성수,,
성수2가3동,20201,1,0.0,성수,,
성수2가3동,20202,1,0.0,성수,,
성수2가3동,20203,1,0.0,성수,,
성수2가3동,20204,1,0.0,성수,,
성수2가3동,20211,1,4886269.0,성수,,
성수2가3동,20212,1,5528472.0,성수,,
성수2가3동,20213,1,5035499.0,성수,,
성수2가3동,20214,1,5785983.0,성수,,
성현동,0,1,0.0,0,,
세곡동,0,1,0.0,0,,
소공동,20191,2,0.0,"을지로입구, 시청",,
소공동,20192,2,0.0,"을지로입구, 시청",,
소공동,20193,2,0.0,"을지로입구, 시청",,
소공동,20194,2,0.0,"을지로입구, 시청",,
소공동,20201,2,0.0,"시청, 을지로입구",,
소공동,20202,2,0.0,"을지로입구, 시청",,
소공동,20203,2,0.0,"시청, 을지로입구",,
소공동,20204,2,0.0,"을지로입구, 시청",,
소공동,20211,2,10846665.0,"을지로입구, 시청",,
소공동,20212,2,12076377.0,"을지로입구, 시청",,
소공동,20213,2,10532234.0,"을지로입구, 시청",,
소공동,20214,2,12607534.0,"시청, 을지로입구",,
송정동,0,1,0.0,0,,
송중동,0,1,0.0,0,,
송천동,20191,1,0.0,미아사거리,,
송천동,20192,1,0.0,미아사거리,,
송천동,20193,1,0.0,미아사거리,,
송천동,20194,1,0.0,미아사거리,,
송천동,20201,1,0.0,미아사거리,,
송천동,20202,1,0.0,미아사거리,,
송천동,20203,1,0.0,미아사거리,,
송천동,20204,1,0.0,미아사거리,,
송천동,20211,1,3953575.0,미아사거리,,
송천동,20212,1,4405619.0,미아사거리,,
송천동,20213,1,3953395.0,미아사거리,,
송천동,20214,1,4415965.0,미아사거리,,
송파1동,0,1,0.0,0,,
송파2동,0,1,0.0,0,,
수궁동,20191,1,0.0,온수(성공회대입구),,
수궁동,20192,1,0.0,온수(성공회대입구),,
수궁동,20193,1,0.0,온수(성공회대입구),,
수궁동,20194,1,0.0,온수(성공회대입구),,
수궁동,20201,1,0.0,온수(성공회대입구),,
수궁동,20202,1,0.0,온수(성공회대입구),,
수궁동,20203,1,0.0,온수(성공회대입구),,
수궁동,20204,1,0.0,온수(성공회대입구),,
수궁동,20211,1,2334734.0,온수(성공회대입구),,
수궁동,20212,1,2714290.0,온수(성공회대입구),,
수궁동,20213,1,2321909.0,온수(성공회대입구),,
수궁동,20214,1,2661259.0,온수(성공회대입구),,
수색동,0,2,0.0,"디지털미디어시티, 수색",,
수서동,0,1,0.0,수서,,
수서동,20191,1,0.0,수서,,
수서동,20192,1,0.0,수서,,
수서동,20193,1,0.0,수서,,
수서동,20194,1,0.0,수서,,
수서동,20201,1,0.0,수서,,
수서동,20202,1,0.0,수서,,
수서동,20203,1,0.0,수서,,
수서동,20204,1,0.0,수서,,
수서동,20211,1,4198070.0,수서,,
수서동,20212,1,4985574.0,수서,,
수서동,20213,1,4344711.0,수서,,
수서동,20214,1,5087965.0,수서,,
수유1동,20191,1,0.0,화계,,
수유1동,20192,1,0.0,화계,,
수유1동,20193,1,0.0,화계,,
수유1동,20194,1,0.0,화계,,
수유1동,20201,1,0.0,화계,,
수유1동,20202,1,0.0,화계,,
수유1동,20203,1,0.0,화계,,
수유1동,20204,1,0.0,화계,,
수유1동,20211,1,458797.0,화계,,
수유1동,20212,1,522618.0,화계,,
수유1동,20213,1,485710.0,화계,,
수유1동,20214,1,533419.0,화계,,
수유2동,20191,1,0.0,가오리,,
수유2동,20192,1,0.0,가오리,,
수유2동,20193,1,0.0,가오리,,
수유2동,20194,1,0.0,가오리,,
수유2동,20201,1,0.0,가오리,,
수유2동,20202,1,0.0,가오리,,
수유2동,20203,1,0.0,가오리,,
수유2동,20204,1,0.0,가오리,,
수유2동,20211,1,564220.0,가오리,,
수유2동,20212,1,652059.0,가오리,,
수유2동,20213,1,611231.0,가오리,,
수유2동,20214,1,658132.0,가오리,,
수유3동,0,1,0.0,0,,
숭인1동,20191,1,0.0,동묘앞,,
숭인1동,20192,1,0.0,동묘앞,,
숭인1동,20193,1,0.0,동묘앞,,
숭인1동,20194,1,0.0,동묘앞,,
숭인1동,20201,1,0.0,동묘앞,,
숭인1동,20202,1,0.0,동묘앞,,
숭인1동,20203,1,0.0,동묘앞,,
숭인1동,20204,1,0.0,동묘앞,,
숭인1동,20211,1,1443624.0,동묘앞,,
숭인1동,20212,1,1655958.0,동묘앞,,
숭인1동,20213,1,1429229.0,동묘앞,,
숭인1동,20214,1,1567171.0,동묘앞,,
숭인2동,0,1,0.0,0,,
시흥1동,20191,1,0.0,금천구청,,
시흥1동,20192,1,0.0,금천구청,,
시흥1동,20193,1,0.0,금천구청,,
시흥1동,20194,1,0.0,금천구청,,
시흥1동,20201,1,0.0,금천구청,,
시흥1동,20202,1,0.0,금천구청,,
시흥1동,20203,1,0.0,금천구청,,
시흥1동,20204,1,0.0,금천구청,,
시흥1동,20211,1,1664149.0,금천구청,,
시흥1동,20212,1,1909080.0,금천구청,,
시흥1동,20213,1,1671593.0,금천구청,,
시흥1동,20214,1,1905037.0,금천구청,,
시흥2동,0,1,0.0,0,,
시흥3동,0,1,0.0,0,,
시흥4동,0,1,0.0,0,,
시흥5동,0,1,0.0,0,,
신길1동,20191,1,0.0,신길,,
신길1동,20192,1,0.0,신길,,
신길1동,20193,1,0.0,신길,,
신길1동,20194,1,0.0,신길,,
신길1동,20201,1,0.0,신길,,
신길1동,20202,1,0.0,신길,,
신길1동,20203,1,0.0,신길,,
신길1동,20204,1,0.0,신길,,
신길1동,20211,1,1223587.0,신길,,
신길1동,20212,1,1389542.0,신길,,
신길1동,20213,1,1194056.0,신길,,
신길1동,20214,1,1346950.0,신길,,
신길3동,0,1,0.0,0,,
신길4동,0,1,0.0,0,,
신길5동,0,1,0.0,0,,
신길6동,0,1,0.0,보라매,,
신길6동,20191,1,0.0,신풍,,
신길6동,20192,1,0.0,신풍,,
신길6동,20193,1,0.0,신풍,,
신길6동,20194,1,0.0,신풍,,
신길6동,20201,1,0.0,신풍,,
신길6동,20202,1,0.0,신풍,,
신길6동,20203,1,0.0,신풍,,
신길6동,20204,1,0.0,신풍,,
신길6동,20211,1,1631252.0,신풍,,
신길6동,20212,1,1839200.0,신풍,,
신길6동,20213,1,1642233.0,신풍,,
신길6동,20214,1,1820101.0,신풍,,
신길7동,0,2,0.0,"대방, 서울지방병무청",,
신길7동,20191,1,0.0,대방,,
신길7동,20192,1,0.0,대방,,
신길7동,20193,1,0.0,대방,,
신길7동,20194,1,0.0,대방,,
신길7동,20201,1,0.0,대방,,
신길7동,20202,1,0.0,대방,,
신길7동,20203,1,0.0,대방,,
신길7동,20204,1,0.0,대방,,
신길7동,20211,1,1813136.0,대방,,
신길7동,20212,1,2038594.0,대방,,
신길7동,20213,1,1785750.0,대방,,
신길7동,20214,1,2039711.0,대방,,
신내1동,20191,1,0.0,봉화산(서울의료원),,
신내1동,20192,1,0.0,봉화산(서울의료원),,
신내1동,20193,1,0.0,봉화산(서울의료원),,
신내1동,20194,1,0.0,봉화산(서울의료원),,
신내1동,20201,1,0.0,봉화산(서울의료원),,
신내1동,20202,1,0.0,봉화산(서울의료원),,
신내1동,20203,1,0.0,봉화산(서울의료원),,
신내1동,20204,1,0.0,봉화산(서울의료원),,
신내1동,20211,1,1191940.0,봉화산(서울의료원),,
신내1동,20212,1,1329967.0,봉화산(서울의료원),,
신내1동,20213,1,1205032.0,봉화산(서울의료원),,
신내1동,20214,1,1341394.0,봉화산(서울의료원),,
신내2동,0,1,0.0,0,,
신당5동,20191,1,0.0,신당,,
신당5동,20192,1,0.0,신당,,
신당5동,20193,1,0.0,신당,,
신당5동,20194,1,0.0,신당,,
신당5동,20201,1,0.0,신당,,
신당5동,20202,1,0.0,신당,,
신당5동,20203,1,0.0,신당,,
신당5동,20204,1,0.0,신당,,
신당5동,20211,1,2030365.0,신당,,
신당5동,20212,1,2260726.0,신당,,
신당5동,20213,1,2024434.0,신당,,
신당5동,20214,1,2273963.0,신당,,
신당동,20191,2,0.0,"청구, 신당",,
신당동,20192,2,0.0,"신당, 청구",,
신당동,20193,2,0.0,"신당, 청구",,
신당동,20194,2,0.0,"신당, 청구",,
신당동,20201,2,0.0,"청구, 신당",,
신당동,20202,2,0.0,"청구, 신당",,
신당동,20203,2,0.0,"신당, 청구",,
신당동,20204,2,0.0,"청구, 신당",,
신당동,20211,2,1663449.0,"신당, 청구",,
신당동,20212,2,1904612.0,"신당, 청구",,
신당동,20213,2,1756000.0,"청구, 신당",,
신당동,20214,2,1968169.0,"신당, 청구",,
신대방1동,0,1,0.0,0,,
신대방2동,0,2,0.0,"보라매병원, 보라매공원",,
신도림동,20191,2,0.0,"도림천, 신도림",,
신도림동,20192,2,0.0,"도림천, 신도림",,
신도림동,20193,2,0.0,"도림천, 신도림",,
신도림동,20194,2,0.0,"신도림, 도림천",,
신도림동,20201,2,0.0,"신도림, 도림천",,
신도림동,20202,2,0.0,"신도림, 도림천",,
신도림동,20203,2,0.0,"신도림, 도림천",,
신도림동,20204,2,0.0,"도림천, 신도림",,
신도림동,20211,2,7663016.0,"신도림, 도림천",,
신도림동,20212,2,8726216.0,"신도림, 도림천",,
신도림동,20213,2,7497214.0,"도림천, 신도림",,
신도림동,20214,2,8641277.0,"신도림, 도림천",,
신림동,0,1,0.0,신림,,
신사1동,20191,1,0.0,응암,,
신사1동,20192,1,0.0,응암,,
신사1동,20193,1,0.0,응암,,
신사1동,20194,1,0.0,응암,,
신사1동,20201,1,0.0,응암,,
신사1동,20202,1,0.0,응암,,
신사1동,20203,1,0.0,응암,,
신사1동,20204,1,0.0,응암,,
신사1동,20211,1,2504806.0,응암,,
신사1동,20212,1,2810580.0,응암,,
신사1동,20213,1,2527594.0,응암,,
신사1동,20214,1,2795739.0,응암,,
신사2동,20191,1,0.0,새절(신사),,
신사2동,20192,1,0.0,새절(신사),,
신사2동,20193,1,0.0,새절(신사),,
신사2동,20194,1,0.0,새절(신사),,
신사2동,20201,1,0.0,새절(신사),,
신사2동,20202,1,0.0,새절(신사),,
신사2동,20203,1,0.0,새절(신사),,
신사2동,20204,1,0.0,새절(신사),,
신사2동,20211,1,1767608.0,새절(신사),,
신사2동,20212,1,2001418.0,새절(신사),,
신사2동,20213,1,1765936.0,새절(신사),,
신사2동,20214,1,1969297.0,새절(신사),,
신사동,0,1,0.0,0,,
신사동,20191,1,0.0,신대방,,
신사동,20192,1,0.0,신대방,,
신사동,20193,1,0.0,신대방,,
신사동,20194,1,0.0,신대방,,
신사동,20201,1,0.0,신대방,,
신사동,20202,1,0.0,신대방,,
신사동,20203,1,0.0,신대방,,
신사동,20204,1,0.0,신대방,,
신사동,20211,1,3719326.0,신대방,,
신사동,20212,1,4203613.0,신대방,,
신사동,20213,1,3783120.0,신대방,,
신사동,20214,1,4189240.0,신대방,,
신수동,0,1,0.0,0,,
신원동,0,1,0.0,0,,
신월1동,0,1,0.0,0,,
신월2동,0,1,0.0,0,,
신월3동,0,1,0.0,0,,
신월4동,0,1,0.0,0,,
신월5동,0,1,0.0,0,,
신월6동,0,1,0.0,0,,
신월7동,0,1,0.0,0,,
신정1동,0,1,0.0,0,,
신정2동,0,1,0.0,0,,
신정3동,20191,1,0.0,신정네거리,,
신정3동,20192,1,0.0,신정네거리,,
신정3동,20193,1,0.0,신정네거리,,
신정3동,20194,1,0.0,신정네거리,,
신정3동,20201,1,0.0,신정네거리,,
신정3동,20202,1,0.0,신정네거리,,
신정3동,20203,1,0.0,신정네거리,,
신정3동,20204,1,0.0,신정네거리,,
신정3동,20211,1,1454392.0,신정네거리,,
신정3동,20212,1,1671579.0,신정네거리,,
신정3동,20213,1,1485390.0,신정네거리,,
신정3동,20214,1,1661650.0,신정네거리,,
신정4동,20191,1,0.0,신정(은행정),,
신정4동,20192,1,0.0,신정(은행정),,
신정4동,20193,1,0.0,신정(은행정),,
신정4동,20194,1,0.0,신정(은행정),,
신정4동,20201,1,0.0,신정(은행정),,
신정4동,20202,1,0.0,신정(은행정),,
신정4동,20203,1,0.0,신정(은행정),,
신정4동,20204,1,0.0,신정(은행정),,
신정4동,20211,1,1780539.0,신정(은행정),,
신정4동,20212,1,1992072.0,신정(은행정),,
신정4동,20213,1,1767729.0,신정(은행정),,
신정4동,20214,1,1974789.0,신정(은행정),,
신정6동,0,1,0.0,0,,
신정7동,20191,1,0.0,양천구청,,
신정7동,20192,1,0.0,양천구청,,
신정7동,20193,1,0.0,양천구청,,
신정7동,20194,1,0.0,양천구청,,
신정7동,20201,1,0.0,양천구청,,
신정7동,20202,1,0.0,양천구청,,
신정7동,20203,1,0.0,양천구청,,
신정7동,20204,1,0.0,양천구청,,
신정7동,20211,1,969349.0,양천구청,,
신정7동,20212,1,1100334.0,양천구청,,
신정7동,20213,1,963445.0,양천구청,,
신정7동,20214,1,1096318.0,양천구청,,
신촌동,0,1,0.0,신촌,,
신촌동,20191,1,0.0,신촌,,
신촌동,20192,1,0.0,신촌,,
신촌동,20193,1,0.0,신촌,,
신촌동,20194,1,0.0,신촌,,
신촌동,20201,1,0.0,신촌,,
신촌동,20202,1,0.0,신촌,,
신촌동,20203,1,0.0,신촌,,
신촌동,20204,1,0.0,신촌,,
신촌동,20211,1,4635707.0,신촌,,
신촌동,20212,1,5306680.0,신촌,,
신촌동,20213,1,4701412.0,신촌,,
신촌동,20214,1,5371911.0,신촌,,
쌍문1동,0,1,0.0,0,,
쌍문2동,0,1,0.0,0,,
쌍문3동,0,1,0.0,0,,
쌍문4동,0,1,0.0,0,,
아현동,20191,2,0.0,"애오개, 아현",,
아현동,20192,2,0.0,"애오개, 아현",,
아현동,20193,2,0.0,"아현, 애오개",,
아현동,20194,2,0.0,"애오개, 아현",,
아현동,20201,2,0.0,"아현, 애오개",,
아현동,20202,2,0.0,"애오개, 아현",,
아현동,20203,2,0.0,"애오개, 아현",,
아현동,20204,2,0.0,"애오개, 아현",,
아현동,20211,2,2362974.0,"애오개, 아현",,
아현동,20212,2,2697447.0,"아현, 애오개",,
아현동,20213,2,2368415.0,"애오개, 아현",,
아현동,20214,2,2651865.0,"아현, 애오개",,
안암동,20191,1,0.0,안암(고대병원앞),,
안암동,20192,1,0.0,안암(고대병원앞),,
안암동,20193,1,0.0,안암(고대병원앞),,
안암동,20194,1,0.0,안암(고대병원앞),,
안암동,20201,1,0.0,안암(고대병원앞),,
안암동,20202,1,0.0,안암(고대병원앞),,
안암동,20203,1,0.0,안암(고대병원앞),,
안암동,20204,1,0.0,안암(고대병원앞),,
안암동,20211,1,1378259.0,안암(고대병원앞),,
안암동,20212,1,1605576.0,안암(고대병원앞),,
안암동,20213,1,1352221.0,안암(고대병원앞),,
안암동,20214,1,1641065.0,안암(고대병원앞),,
암사1동,0,1,0.0,0,,
암사2동,20191,1,0.0,암사,,
암사2동,20192,1,0.0,암사,,
암사2동,20193,1,0.0,암사,,
암사2동,20194,1,0.0,암사,,
암사2동,20201,1,0.0,암사,,
암사2동,20202,1,0.0,암사,,
암사2동,20203,1,0.0,암사,,
암사2동,20204,1,0.0,암사,,
암사2동,20211,1,2546366.0,암사,,
암사2동,20212,1,2816186.0,암사,,
암사2동,20213,1,2532224.0,암사,,
암사2동,20214,1,2813081.0,암사,,
암사3동,0,1,0.0,암사역사공원,,
압구정동,20191,2,0.0,"압구정로데오, 압구정",,
압구정동,20192,2,0.0,"압구정, 압구정로데오",,
압구정동,20193,2,0.0,"압구정로데오, 압구정",,
압구정동,20194,2,0.0,"압구정로데오, 압구정",,
압구정동,20201,2,0.0,"압구정, 압구정로데오",,
압구정동,20202,2,0.0,"압구정, 압구정로데오",,
압구정동,20203,2,0.0,"압구정로데오, 압구정",,
압구정동,20204,2,0.0,"압구정로데오, 압구정",,
압구정동,20211,2,7458167.0,"압구정로데오, 압구정",,
압구정동,20212,2,8319487.0,"압구정, 압구정로데오",,
압구정동,20213,2,7319360.0,"압구정, 압구정로데오",,
압구정동,20214,2,8468875.0,"압구정로데오, 압구정",,
약수동,20191,2,0.0,"약수, 버티고개",,
약수동,20192,2,0.0,"버티고개, 약수",,
약수동,20193,2,0.0,"버티고개, 약수",,
약수동,20194,2,0.0,"약수, 버티고개",,
약수동,20201,2,0.0,"버티고개, 약수",,
약수동,20202,2,0.0,"약수, 버티고개",,
약수동,20203,2,0.0,"버티고개, 약수",,
약수동,20204,2,0.0,"약수, 버티고개",,
약수동,20211,2,808804.0,"버티고개, 약수",,
약수동,20212,2,907857.0,"약수, 버티고개",,
약수동,20213,2,793133.0,"약수, 버티고개",,
약수동,20214,2,876403.0,"약수, 버티고개",,
양재1동,0,1,0.0,양재(서초구청),,
양재2동,0,1,0.0,양재시민의숲(매헌),,
양평1동,20191,1,0.0,양평,,
양평1동,20192,1,0.0,양평,,
양평1동,20193,1,0.0,양평,,
양평1동,20194,1,0.0,양평,,
양평1동,20201,1,0.0,양평,,
양평1동,20202,1,0.0,양평,,
양평1동,20203,1,0.0,양평,,
양평1동,20204,1,0.0,양평,,
양평1동,20211,1,1027705.0,양평,,
양평1동,20212,1,1127952.0,양평,,
양평1동,20213,1,984327.0,양평,,
양평1동,20214,1,1115365.0,양평,,
양평2동,20191,1,0.0,선유도,,
양평2동,20192,1,0.0,선유도,,
양평2동,20193,1,0.0,선유도,,
양평2동,20194,1,0.0,선유도,,
양평2동,20201,1,0.0,선유도,,
양평2동,20202,1,0.0,선유도,,
양평2동,20203,1,0.0,선유도,,
양평2동,20204,1,0.0,선유도,,
양평2동,20211,1,1028721.0,선유도,,
양평2동,20212,1,1223512.0,선유도,,
양평2동,20213,1,1100226.0,선유도,,
양평2동,20214,1,1272184.0,선유도,,
여의동,0,1,0.0,샛강,,
여의동,20191,4,0.0,"국회의사당, 여의나루, 여의도, 샛강",,
여의동,20192,4,0.0,"여의도, 샛강, 여의나루, 국회의사당",,
여의동,20193,4,0.0,"국회의사당, 샛강, 여의나루, 여의도",,
여의동,20194,4,0.0,"여의도, 여의나루, 샛강, 국회의사당",,
여의동,20201,4,0.0,"국회의사당, 여의나루, 샛강, 여의도",,
여의동,20202,4,0.0,"국회의사당, 여의도, 샛강, 여의나루",,
여의동,20203,4,0.0,"국회의사당, 여의나루, 샛강, 여의도",,
여의동,20204,4,0.0,"여의나루, 여의도, 샛강, 국회의사당",,
여의동,20211,4,11535569.0,"국회의사당, 여의도, 샛강, 여의나루",,
여의동,20212,4,13575953.0,"여의나루, 샛강, 여의도, 국회의사당",,
여의동,20213,4,10902135.0,"국회의사당, 샛강, 여의나루, 여의도",,
여의동,20214,4,13006194.0,"샛강, 여의도, 여의나루, 국회의사당",,
역삼1동,0,2,0.0,"언주, 신논현",,
역삼1동,20191,4,0.0,"선릉, 신논현, 역삼, 강남",,
역삼1동,20192,4,0.0,"선릉, 강남, 역삼, 신논현",,
역삼1동,20193,4,0.0,"신논현, 역삼, 선릉, 강남",,
역삼1동,20194,4,0.0,"선릉, 강남, 신논현, 역삼",,
역삼1동,20201,4,0.0,"선릉, 신논현, 역삼, 강남",,
역삼1동,20202,4,0.0,"역삼, 선릉, 강남, 신논현",,
역삼1동,20203,4,0.0,"신논현, 역삼, 선릉, 강남",,
역삼1동,20204,4,0.0,"역삼, 선릉, 강남, 신논현",,
역삼1동,20211,4,31849878.0,"신논현, 강남, 선릉, 역삼",,
역삼1동,20212,4,35507724.0,"선릉, 역삼, 신논현, 강남",,
역삼1동,20213,4,31069608.0,"강남, 선릉, 역삼, 신논현",,
역삼1동,20214,4,35905252.0,"역삼, 선릉, 신논현, 강남",,
역삼2동,0,1,0.0,0,,
역촌동,0,1,0.0,0,,
연남동,0,1,0.0,0,,
연희동,0,1,0.0,0,,
염리동,0,1,0.0,0,,
염창동,0,1,0.0,0,,
영등포동,20191,2,0.0,"신길, 영등포시장",,
영등포동,20192,2,0.0,"영등포시장, 신길",,
영등포동,20193,2,0.0,"신길, 영등포시장",,
영등포동,20194,2,0.0,"신길, 영등포시장",,
영등포동,20201,2,0.0,"신길, 영등포시장",,
영등포동,20202,2,0.0,"영등포시장, 신길",,
영등포동,20203,2,0.0,"신길, 영등포시장",,
영등포동,20204,2,0.0,"영등포시장, 신길",,
영등포동,20211,2,1980642.0,"신길, 영등포시장",,
영등포동,20212,2,2205715.0,"신길, 영등포시장",,
영등포동,20213,2,1936693.0,"영등포시장, 신길",,
영등포동,20214,2,2265120.0,"신길, 영등포시장",,
영등포본동,20191,1,0.0,영등포,,
영등포본동,20192,1,0.0,영등포,,
영등포본동,20193,1,0.0,영등포,,
영등포본동,20194,1,0.0,영등포,,
영등포본동,20201,1,0.0,영등포,,
영등포본동,20202,1,0.0,영등포,,
영등포본동,20203,1,0.0,영등포,,
영등포본동,20204,1,0.0,영등포,,
영등포본동,20211,1,5737390.0,영등포,,
영등포본동,20212,1,6417071.0,영등포,,
영등포본동,20213,1,5605881.0,영등포,,
영등포본동,20214,1,6609407.0,영등포,,
오금동,20191,1,0.0,오금,,
오금동,20192,1,0.0,오금,,
오금동,20193,1,0.0,오금,,
오금동,20194,1,0.0,오금,,
오금동,20201,1,0.0,오금,,
오금동,20202,1,0.0,오금,,
오금동,20203,1,0.0,오금,,
오금동,20204,1,0.0,오금,,
오금동,20211,1,819091.0,오금,,
오금동,20212,1,913684.0,오금,,
오금동,20213,1,823077.0,오금,,
오금동,20214,1,926067.0,오금,,
오류1동,20191,1,0.0,오류동,,
오류1동,20192,1,0.0,오류동,,
오류1동,20193,1,0.0,오류동,,
오류1동,20194,1,0.0,오류동,,
오류1동,20201,1,0.0,오류동,,
오류1동,20202,1,0.0,오류동,,
오류1동,20203,1,0.0,오류동,,
오류1동,20204,1,0.0,오류동,,
오류1동,20211,1,1666120.0,오류동,,
오류1동,20212,1,1916806.0,오류동,,
오류1동,20213,1,1708018.0,오류동,,
오류1동,20214,1,1885805.0,오류동,,
오류2동,20191,1,0.0,천왕,,
오류2동,20192,1,0.0,천왕,,
오류2동,20193,1,0.0,천왕,,
오류2동,20194,1,0.0,천왕,,
오류2동,20201,1,0.0,천왕,,
오류2동,20202,1,0.0,천왕,,
오류2동,20203,1,0.0,천왕,,
오류2동,20204,1,0.0,천왕,,
오류2동,20211,1,1521527.0,천왕,,
오류2동,20212,1,1744936.0,천왕,,
오류2동,20213,1,1549442.0,천왕,,
오류2동,20214,1,1744700.0,천왕,,
오륜동,0,2,0.0,"올림픽공원(한국체대), 한성백제",,
오륜동,20191,1,0.0,올림픽공원(한국체대),,
오륜동,20192,1,0.0,올림픽공원(한국체대),,
오륜동,20193,1,0.0,올림픽공원(한국체대),,
오륜동,20194,1,0.0,올림픽공원(한국체대),,
오륜동,20201,1,0.0,올림픽공원(한국체대),,
오륜동,20202,1,0.0,올림픽공원(한국체대),,
오륜동,20203,1,0.0,올림픽공원(한국체대),,
오륜동,20204,1,0.0,올림픽공원(한국체대),,
오륜동,20211,1,543123.0,올림픽공원(한국체대),,
오륜동,20212,1,655946.0,올림픽공원(한국체대),,
오륜동,20213,1,577502.0,올림픽공원(한국체대),,
오륜동,20214,1,691450.0,올림픽공원(한국체대),,
옥수동,20191,1,0.0,옥수,,
옥수동,20192,1,0.0,옥수,,
옥수동,20193,1,0.0,옥수,,
옥수동,20194,1,0.0,옥수,,
옥수동,20201,1,0.0,옥수,,
옥수동,20202,1,0.0,옥수,,
옥수동,20203,1,0.0,옥수,,
옥수동,20204,1,0.0,옥수,,
옥수동,20211,1,1331533.0,옥수,,
옥수동,20212,1,1518448.0,옥수,,
옥수동,20213,1,1333360.0,옥수,,
옥수동,20214,1,1485009.0,옥수,,
왕십리2동,20191,1,0.0,상왕십리,,
왕십리2동,20192,1,0.0,상왕십리,,
왕십리2동,20193,1,0.0,상왕십리,,
왕십리2동,20194,1,0.0,상왕십리,,
왕십리2동,20201,1,0.0,상왕십리,,
왕십리2동,20202,1,0.0,상왕십리,,
왕십리2동,20203,1,0.0,상왕십리,,
왕십리2동,20204,1,0.0,상왕십리,,
왕십리2동,20211,1,1941435.0,상왕십리,,
왕십리2동,20212,1,2200847.0,상왕십리,,
왕십리2동,20213,1,1966978.0,상왕십리,,
왕십리2동,20214,1,2224058.0,상왕십리,,
왕십리도선동,0,1,0.0,0,,
용강동,20191,1,0.0,마포,,
용강동,20192,1,0.0,마포,,
용강동,20193,1,0.0,마포,,
용강동,20194,1,0.0,마포,,
용강동,20201,1,0.0,마포,,
용강동,20202,1,0.0,마포,,
용강동,20203,1,0.0,마포,,
용강동,20204,1,0.0,마포,,
용강동,20211,1,1971592.0,마포,,
용강동,20212,1,2191093.0,마포,,
용강동,20213,1,1884964.0,마포,,
용강동,20214,1,2187652.0,마포,,
용답동,20191,3,0.0,"장한평, 답십리, 신답",,
용답동,20192,3,0.0,"답십리, 장한평, 신답",,
용답동,20193,3,0.0,"신답, 장한평, 답십리",,
용답동,20194,3,0.0,"신답, 답십리, 장한평",,
용답동,20201,3,0.0,"신답, 답십리, 장한평",,
용답동,20202,3,0.0,"장한평, 답십리, 신답",,
용답동,20203,3,0.0,"신답, 장한평, 답십리",,
용답동,20204,3,0.0,"장한평, 답십리, 신답",,
용답동,20211,3,4923584.0,"신답, 답십리, 장한평",,
용답동,20212,3,5468195.0,"답십리, 장한평, 신답",,
용답동,20213,3,4914464.0,"답십리, 신답, 장한평",,
용답동,20214,3,5538484.0,"신답, 답십리, 장한평",,
용문동,0,1,0.0,효창공원앞,,
용문동,20191,1,0.0,효창공원앞,,
용문동,20192,1,0.0,효창공원앞,,
용문동,20193,1,0.0,효창공원앞,,
용문동,20194,1,0.0,효창공원앞,,
용문동,20201,1,0.0,효창공원앞,,
용문동,20202,1,0.0,효창공원앞,,
용문동,20203,1,0.0,효창공원앞,,
용문동,20204,1,0.0,효창공원앞,,
용문동,20211,1,927888.0,효창공원앞,,
용문동,20212,1,1047008.0,효창공원앞,,
용문동,20213,1,917687.0,효창공원앞,,
용문동,20214,1,1046284.0,효창공원앞,,
용산2가동,20191,1,0.0,녹사평(용산구청),,
용산2가동,20192,1,0.0,녹사평(용산구청),,
용산2가동,20193,1,0.0,녹사평(용산구청),,
용산2가동,20194,1,0.0,녹사평(용산구청),,
용산2가동,20201,1,0.0,녹사평(용산구청),,
용산2가동,20202,1,0.0,녹사평(용산구청),,
용산2가동,20203,1,0.0,녹사평(용산구청),,
용산2가동,20204,1,0.0,녹사평(용산구청),,
용산2가동,20211,1,696915.0,녹사평(용산구청),,
용산2가동,20212,1,852368.0,녹사평(용산구청),,
용산2가동,20213,1,722145.0,녹사평(용산구청),,
용산2가동,20214,1,835326.0,녹사평(용산구청),,
용신동,20191,3,0.0,"제기동, 용두(동대문구청), 신설동",,
용신동,20192,3,0.0,"신설동, 제기동, 용두(동대문구청)",,
용신동,20193,3,0.0,"제기동, 신설동, 용두(동대문구청)",,
용신동,20194,3,0.0,"신설동, 용두(동대문구청), 제기동",,
용신동,20201,3,0.0,"제기동, 용두(동대문구청), 신설동",,
용신동,20202,3,0.0,"신설동, 제기동, 용두(동대문구청)",,
용신동,20203,3,0.0,"신설동, 제기동, 용두(동대문구청)",,
용신동,20204,3,0.0,"신설동, 제기동, 용두(동대문구청)",,
용신동,20211,3,5687440.0,"용두(동대문구청), 제기동, 신설동",,
용신동,20212,3,6242802.0,"신설동, 제기동, 용두(동대문구청)",,
용신동,20213,3,5650203.0,"용두(동대문구청), 신설동, 제기동",,
용신동,20214,3,6209218.0,"신설동, 제기동, 용두(동대문구청)",,
우이동,20191,3,0.0,"솔밭공원, 북한산우이, 4.19민주묘지",,
우이동,20192,3,0.0,"북한산우이, 솔밭공원, 4.19민주묘지",,
우이동,20193,3,0.0,"북한산우이, 4.19민주묘지, 솔밭공원",,
우이동,20194,3,0.0,"4.19민주묘지, 솔밭공원, 북한산우이",,
우이동,20201,3,0.0,"북한산우이, 솔밭공원, 4.19민주묘지",,
우이동,20202,3,0.0,"솔밭공원, 4.19민주묘지, 북한산우이",,
우이동,20203,3,0.0,"솔밭공원, 4.19민주묘지, 북한산우이",,
우이동,20204,3,0.0,"북한산우이, 솔밭공원, 4.19민주묘지",,
우이동,20211,3,1124105.0,"북한산우이, 솔밭공원, 4.19민주묘지",,
우이동,20212,3,1375793.0,"4.19민주묘지, 북한산우이, 솔밭공원",,
우이동,20213,3,1244808.0,"4.19민주묘지, 솔밭공원, 북한산우이",,
우이동,20214,3,1362053.0,"4.19민주묘지, 솔밭공원, 북한산우이",,
우장산동,20191,1,0.0,발산,,
우장산동,20192,1,0.0,발산,,
우장산동,20193,1,0.0,발산,,
우장산동,20194,1,0.0,발산,,
우장산동,20201,1,0.0,발산,,
우장산동,20202,1,0.0,발산,,
우장산동,20203,1,0.0,발산,,
우장산동,20204,1,0.0,발산,,
우장산동,20211,1,2683846.0,발산,,
우장산동,20212,1,3138907.0,발산,,
우장산동,20213,1,2749758.0,발산,,
우장산동,20214,1,3223384.0,발산,,
원효로1동,0,1,0.0,0,,
원효로2동,0,1,0.0,0,,
월계1동,0,1,0.0,0,,
월계2동,20191,1,0.0,월계,,
월계2동,20192,1,0.0,월계,,
월계2동,20193,1,0.0,월계,,
월계2동,20194,1,0.0,월계,,
월계2동,20201,1,0.0,월계,,
월계2동,20202,1,0.0,월계,,
월계2동,20203,1,0.0,월계,,
월계2동,20204,1,0.0,월계,,
월계2동,20211,1,873778.0,월계,,
월계2동,20212,1,1049052.0,월계,,
월계2동,20213,1,903411.0,월계,,
월계2동,20214,1,1075604.0,월계,,
월계3동,20191,1,0.0,광운대,,
월계3동,20192,1,0.0,광운대,,
월계3동,20193,1,0.0,광운대,,
월계3동,20194,1,0.0,광운대,,
월계3동,20201,1,0.0,광운대,,
월계3동,20202,1,0.0,광운대,,
월계3동,20203,1,0.0,광운대,,
월계3동,20204,1,0.0,광운대,,
월계3동,20211,1,1143560.0,광운대,,
월계3동,20212,1,1355559.0,광운대,,
월계3동,20213,1,1109770.0,광운대,,
월계3동,20214,1,1293945.0,광운대,,
월곡1동,0,1,0.0,0,,
월곡2동,20191,2,0.0,"월곡(동덕여대), 상월곡(한국과학기술연구원)",,
월곡2동,20192,2,0.0,"상월곡(한국과학기술연구원), 월곡(동덕여대)",,
월곡2동,20193,2,0.0,"월곡(동덕여대), 상월곡(한국과학기술연구원)",,
월곡2동,20194,2,0.0,"월곡(동덕여대), 상월곡(한국과학기술연구원)",,
월곡2동,20201,2,0.0,"상월곡(한국과학기술연구원), 월곡(동덕여대)",,
월곡2동,20202,2,0.0,"월곡(동덕여대), 상월곡(한국과학기술연구원)",,
월곡2동,20203,2,0.0,"월곡(동덕여대), 상월곡(한국과학기술연구원)",,
월곡2동,20204,2,0.0,"월곡(동덕여대), 상월곡(한국과학기술연구원)",,
월곡2동,20211,2,2385725.0,"월곡(동덕여대), 상월곡(한국과학기술연구원)",,
월곡2동,20212,2,2695050.0,"월곡(동덕여대), 상월곡(한국과학기술연구원)",,
월곡2동,20213,2,2428407.0,"월곡(동덕여대), 상월곡(한국과학기술연구원)",,
월곡2동,20214,2,2730972.0,"상월곡(한국과학기술연구원), 월곡(동덕여대)",,
위례동,0,1,0.0,0,,
은천동,0,1,0.0,0,,
을지로동,20191,2,0.0,"을지로3가, 을지로4가",,
을지로동,20192,2,0.0,"을지로3가, 을지로4가",,
을지로동,20193,2,0.0,"을지로4가, 을지로3가",,
을지로동,20194,2,0.0,"을지로4가, 을지로3가",,
을지로동,20201,2,0.0,"을지로4가, 을지로3가",,
을지로동,20202,2,0.0,"을지로3가, 을지로4가",,
을지로동,20203,2,0.0,"을지로3가, 을지로4가",,
을지로동,20204,2,0.0,"을지로3가, 을지로4가",,
을지로동,20211,2,6669276.0,"을지로3가, 을지로4가",,
을지로동,20212,2,7588382.0,"을지로3가, 을지로4가",,
을지로동,20213,2,6626522.0,"을지로4가, 을지로3가",,
을지로동,20214,2,7764413.0,"을지로3가, 을지로4가",,
응봉동,20191,1,0.0,응봉,,
응봉동,20192,1,0.0,응봉,,
응봉동,20193,1,0.0,응봉,,
응봉동,20194,1,0.0,응봉,,
응봉동,20201,1,0.0,응봉,,
응봉동,20202,1,0.0,응봉,,
응봉동,20203,1,0.0,응봉,,
응봉동,20204,1,0.0,응봉,,
응봉동,20211,1,252141.0,응봉,,
응봉동,20212,1,291234.0,응봉,,
응봉동,20213,1,243794.0,응봉,,
응봉동,20214,1,280981.0,응봉,,
응암1동,0,1,0.0,0,,
응암2동,0,1,0.0,0,,
응암3동,0,1,0.0,0,,
이문1동,20191,1,0.0,외대앞,,
이문1동,20192,1,0.0,외대앞,,
이문1동,20193,1,0.0,외대앞,,
이문1동,20194,1,0.0,외대앞,,
이문1동,20201,1,0.0,외대앞,,
이문1동,20202,1,0.0,외대앞,,
이문1동,20203,1,0.0,외대앞,,
이문1동,20204,1,0.0,외대앞,,
이문1동,20211,1,1043255.0,외대앞,,
이문1동,20212,1,1166364.0,외대앞,,
이문1동,20213,1,1030201.0,외대앞,,
이문1동,20214,1,1266297.0,외대앞,,
이문2동,20191,1,0.0,신이문,,
이문2동,20192,1,0.0,신이문,,
이문2동,20193,1,0.0,신이문,,
이문2동,20194,1,0.0,신이문,,
이문2동,20201,1,0.0,신이문,,
이문2동,20202,1,0.0,신이문,,
이문2동,20203,1,0.0,신이문,,
이문2동,20204,1,0.0,신이문,,
이문2동,20211,1,1179094.0,신이문,,
이문2동,20212,1,1316135.0,신이문,,
이문2동,20213,1,1191095.0,신이문,,
이문2동,20214,1,1311025.0,신이문,,
이촌1동,0,1,0.0,0,,
이촌2동,0,1,0.0,0,,
이태원1동,20191,1,0.0,이태원,,
이태원1동,20192,1,0.0,이태원,,
이태원1동,20193,1,0.0,이태원,,
이태원1동,20194,1,0.0,이태원,,
이태원1동,20201,1,0.0,이태원,,
이태원1동,20202,1,0.0,이태원,,
이태원1동,20203,1,0.0,이태원,,
이태원1동,20204,1,0.0,이태원,,
이태원1동,20211,1,1428235.0,이태원,,
이태원1동,20212,1,1718770.0,이태원,,
이태원1동,20213,1,1416296.0,이태원,,
이태원1동,20214,1,1871283.0,이태원,,
이태원2동,0,1,0.0,0,,
이화동,20191,1,0.0,혜화,,
이화동,20192,1,0.0,혜화,,
이화동,20193,1,0.0,혜화,,
이화동,20194,1,0.0,혜화,,
이화동,20201,1,0.0,혜화,,
이화동,20202,1,0.0,혜화,,
이화동,20203,1,0.0,혜화,,
이화동,20204,1,0.0,혜화,,
이화동,20211,1,4350362.0,혜화,,
이화동,20212,1,5027609.0,혜화,,
이화동,20213,1,4422540.0,혜화,,
이화동,20214,1,5337151.0,혜화,,
인수동,0,1,0.0,0,,
인헌동,0,1,0.0,낙성대,,
인헌동,20191,1,0.0,낙성대,,
인헌동,20192,1,0.0,낙성대,,
인헌동,20193,1,0.0,낙성대,,
인헌동,20194,1,0.0,낙성대,,
인헌동,20201,1,0.0,낙성대,,
일원1동,0,1,0.0,0,,
일원본동,20191,1,0.0,일원,,
일원본동,20192,1,0.0,일원,,
일원본동,20193,1,0.0,일원,,
일원본동,20194,1,0.0,일원,,
일원본동,20201,1,0.0,일원,,
일원본동,20202,1,0.0,일원,,
일원본동,20203,1,0.0,일원,,
일원본동,20204,1,0.0,일원,,
일원본동,20211,1,1310506.0,일원,,
일원본동,20212,1,1477285.0,일원,,
일원본동,20213,1,1336320.0,일원,,
일원본동,20214,1,1493240.0,일원,,
자양1동,0,1,0.0,0,,
자양2동,0,1,0.0,0,,
자양3동,0,1,0.0,0,,
자양4동,20191,1,0.0,뚝섬유원지,,
자양4동,20192,1,0.0,뚝섬유원지,,
자양4동,20193,1,0.0,뚝섬유원지,,
자양4동,20194,1,0.0,뚝섬유원지,,
자양4동,20201,1,0.0,뚝섬유원지,,
자양4동,20202,1,0.0,뚝섬유원지,,
자양4동,20203,1,0.0,뚝섬유원지,,
자양4동,20204,1,0.0,뚝섬유원지,,
자양4동,20211,1,1152458.0,뚝섬유원지,,
자양4동,20212,1,1643449.0,뚝섬유원지,,
자양4동,20213,1,1307929.0,뚝섬유원지,,
자양4동,20214,1,1326015.0,뚝섬유원지,,
잠실2동,20191,1,0.0,잠실새내,,
잠실2동,20192,1,0.0,잠실새내,,
잠실2동,20193,1,0.0,잠실새내,,
잠실2동,20194,1,0.0,잠실새내,,
잠실2동,20201,1,0.0,잠실새내,,
잠실2동,20202,1,0.0,잠실새내,,
잠실2동,20203,1,0.0,잠실새내,,
잠실2동,20204,1,0.0,잠실새내,,
잠실2동,20211,1,2929643.0,잠실새내,,
잠실2동,20212,1,3324678.0,잠실새내,,
잠실2동,20213,1,2924734.0,잠실새내,,
잠실2동,20214,1,3373335.0,잠실새내,,
잠실3동,0,1,0.0,0,,
잠실4동,20191,2,0.0,"잠실나루, 몽촌토성(평화의문)",,
잠실4동,20192,2,0.0,"잠실나루, 몽촌토성(평화의문)",,
잠실4동,20193,2,0.0,"잠실나루, 몽촌토성(평화의문)",,
잠실4동,20194,2,0.0,"몽촌토성(평화의문), 잠실나루",,
잠실4동,20201,2,0.0,"몽촌토성(평화의문), 잠실나루",,
잠실4동,20202,2,0.0,"잠실나루, 몽촌토성(평화의문)",,
잠실4동,20203,2,0.0,"몽촌토성(평화의문), 잠실나루",,
잠실4동,20204,2,0.0,"잠실나루, 몽촌토성(평화의문)",,
잠실4동,20211,2,2713220.0,"몽촌토성(평화의문), 잠실나루",,
잠실4동,20212,2,3114881.0,"잠실나루, 몽촌토성(평화의문)",,
잠실4동,20213,2,2769951.0,"몽촌토성(평화의문), 잠실나루",,
잠실4동,20214,2,3200677.0,"잠실나루, 몽촌토성(평화의문)",,
잠실6동,20191,1,0.0,잠실(송파구청),,
잠실6동,20192,1,0.0,잠실(송파구청),,
잠실6동,20193,1,0.0,잠실(송파구청),,
잠실6동,20194,1,0.0,잠실(송파구청),,
잠실6동,20201,1,0.0,잠실(송파구청),,
잠실6동,20202,1,0.0,잠실(송파구청),,
잠실6동,20203,1,0.0,잠실(송파구청),,
잠실6동,20204,1,0.0,잠실(송파구청),,
잠실6동,20211,1,11539828.0,잠실(송파구청),,
잠실6동,20212,1,13107333.0,잠실(송파구청),,
잠실6동,20213,1,11375213.0,잠실(송파구청),,
잠실6동,20214,1,13992370.0,잠실(송파구청),,
잠실7동,0,1,0.0,종합운동장,,
잠실7동,20191,1,0.0,종합운동장,,
잠실7동,20192,1,0.0,종합운동장,,
잠실7동,20193,1,0.0,종합운동장,,
잠실7동,20194,1,0.0,종합운동장,,
잠실7동,20201,1,0.0,종합운동장,,
잠실7동,20202,1,0.0,종합운동장,,
잠실7동,20203,1,0.0,종합운동장,,
잠실7동,20204,1,0.0,종합운동장,,
잠실7동,20211,1,967654.0,종합운동장,,
잠실7동,20212,1,1335347.0,종합운동장,,
잠실7동,20213,1,1004161.0,종합운동장,,
잠실7동,20214,1,1331905.0,종합운동장,,
잠실본동,0,1,0.0,삼전,,
잠원동,20191,1,0.0,잠원,,
잠원동,20192,1,0.0,잠원,,
잠원동,20193,1,0.0,잠원,,
잠원동,20194,1,0.0,잠원,,
잠원동,20201,1,0.0,잠원,,
잠원동,20202,1,0.0,잠원,,
잠원동,20203,1,0.0,잠원,,
잠원동,20204,1,0.0,잠원,,
잠원동,20211,1,664984.0,잠원,,
잠원동,20212,1,762358.0,잠원,,
잠원동,20213,1,663734.0,잠원,,
잠원동,20214,1,764201.0,잠원,,
장안1동,0,1,0.0,0,,
장안2동,0,1,0.0,0,,
장위1동,0,1,0.0,0,,
장위2동,20191,1,0.0,돌곶이,,
장위2동,20192,1,0.0,돌곶이,,
장위2동,20193,1,0.0,돌곶이,,
장위2동,20194,1,0.0,돌곶이,,
장위2동,20201,1,0.0,돌곶이,,
장위2동,20202,1,0.0,돌곶이,,
장위2동,20203,1,0.0,돌곶이,,
장위2동,20204,1,0.0,돌곶이,,
장위2동,20211,1,1208396.0,돌곶이,,
장위2동,20212,1,1407333.0,돌곶이,,
장위2동,20213,1,1254738.0,돌곶이,,
장위2동,20214,1,1437935.0,돌곶이,,
장위3동,0,1,0.0,0,,
장지동,20191,1,0.0,장지,,
장지동,20192,1,0.0,장지,,
장지동,20193,1,0.0,장지,,
장지동,20194,1,0.0,장지,,
장지동,20201,1,0.0,장지,,
장지동,20202,1,0.0,장지,,
장지동,20203,1,0.0,장지,,
장지동,20204,1,0.0,장지,,
장지동,20211,1,2457268.0,장지,,
장지동,20212,1,2658448.0,장지,,
장지동,20213,1,2370094.0,장지,,
장지동,20214,1,2704787.0,장지,,
장충동,20191,1,0.0,동대입구,,
장충동,20192,1,0.0,동대입구,,
장충동,20193,1,0.0,동대입구,,
장충동,20194,1,0.0,동대입구,,
장충동,20201,1,0.0,동대입구,,
장충동,20202,1,0.0,동대입구,,
장충동,20203,1,0.0,동대입구,,
장충동,20204,1,0.0,동대입구,,
장충동,20211,1,1067925.0,동대입구,,
장충동,20212,1,1279527.0,동대입구,,
장충동,20213,1,1091358.0,동대입구,,
장충동,20214,1,1361104.0,동대입구,,
전농1동,20191,1,0.0,청량리(서울시립대입구),,
전농1동,20192,1,0.0,청량리(서울시립대입구),,
전농1동,20193,1,0.0,청량리(서울시립대입구),,
전농1동,20194,1,0.0,청량리(서울시립대입구),,
전농1동,20201,1,0.0,청량리(서울시립대입구),,
전농1동,20202,1,0.0,청량리(서울시립대입구),,
전농1동,20203,1,0.0,청량리(서울시립대입구),,
전농1동,20204,1,0.0,청량리(서울시립대입구),,
전농1동,20211,1,5234085.0,청량리(서울시립대입구),,
전농1동,20212,1,5978408.0,청량리(서울시립대입구),,
전농1동,20213,1,5420287.0,청량리(서울시립대입구),,
전농1동,20214,1,5995330.0,청량리(서울시립대입구),,
전농2동,0,1,0.0,0,,
정릉1동,20191,1,0.0,정릉,,
정릉1동,20192,1,0.0,정릉,,
정릉1동,20193,1,0.0,정릉,,
정릉1동,20194,1,0.0,정릉,,
정릉1동,20201,1,0.0,정릉,,
정릉1동,20202,1,0.0,정릉,,
정릉1동,20203,1,0.0,정릉,,
정릉1동,20204,1,0.0,정릉,,
정릉1동,20211,1,615508.0,정릉,,
정릉1동,20212,1,700457.0,정릉,,
정릉1동,20213,1,626117.0,정릉,,
정릉1동,20214,1,715201.0,정릉,,
정릉2동,0,1,0.0,0,,
정릉3동,0,1,0.0,0,,
정릉4동,20191,1,0.0,북한산보국문,,
정릉4동,20192,1,0.0,북한산보국문,,
정릉4동,20193,1,0.0,북한산보국문,,
정릉4동,20194,1,0.0,북한산보국문,,
정릉4동,20201,1,0.0,북한산보국문,,
정릉4동,20202,1,0.0,북한산보국문,,
정릉4동,20203,1,0.0,북한산보국문,,
정릉4동,20204,1,0.0,북한산보국문,,
정릉4동,20211,1,823856.0,북한산보국문,,
정릉4동,20212,1,944262.0,북한산보국문,,
정릉4동,20213,1,837231.0,북한산보국문,,
정릉4동,20214,1,945501.0,북한산보국문,,
제기동,20191,1,0.0,고려대(종암),,
제기동,20192,1,0.0,고려대(종암),,
제기동,20193,1,0.0,고려대(종암),,
제기동,20194,1,0.0,고려대(종암),,
제기동,20201,1,0.0,고려대(종암),,
제기동,20202,1,0.0,고려대(종암),,
제기동,20203,1,0.0,고려대(종암),,
제기동,20204,1,0.0,고려대(종암),,
제기동,20211,1,1074133.0,고려대(종암),,
제기동,20212,1,1226692.0,고려대(종암),,
제기동,20213,1,1057883.0,고려대(종암),,
제기동,20214,1,1218553.0,고려대(종암),,
조원동,0,1,0.0,0,,
종로1·2·3·4가동,20191,3,0.0,"종각, 종로3가, 안국",,
종로1·2·3·4가동,20192,3,0.0,"종각, 종로3가, 안국",,
종로1·2·3·4가동,20193,3,0.0,"종로3가, 종각, 안국",,
종로1·2·3·4가동,20194,3,0.0,"안국, 종각, 종로3가",,
종로1·2·3·4가동,20201,3,0.0,"종로3가, 종각, 안국",,
종로1·2·3·4가동,20202,3,0.0,"종각, 종로3가, 안국",,
종로1·2·3·4가동,20203,3,0.0,"안국, 종각, 종로3가",,
종로1·2·3·4가동,20204,3,0.0,"안국, 종로3가, 종각",,
종로1·2·3·4가동,20211,3,13424195.0,"안국, 종각, 종로3가",,
종로1·2·3·4가동,20212,3,15744889.0,"종로3가, 종각, 안국",,
종로1·2·3·4가동,20213,3,13558285.0,"종로3가, 종각, 안국",,
종로1·2·3·4가동,20214,3,16187232.0,"안국, 종각, 종로3가",,
종로5·6가동 ,0,1,0.0,0,,
종암동,0,1,0.0,0,,
중계1동,0,1,0.0,0,,
중계2·3동,20191,1,0.0,중계,,
중계2·3동,20192,1,0.0,중계,,
중계2·3동,20193,1,0.0,중계,,
중계2·3동,20194,1,0.0,중계,,
중계2·3동,20201,1,0.0,중계,,
중계2·3동,20202,1,0.0,중계,,
중계2·3동,20203,1,0.0,중계,,
중계2·3동,20204,1,0.0,중계,,
중계2·3동,20211,1,1882536.0,중계,,
중계2·3동,20212,1,2163975.0,중계,,
중계2·3동,20213,1,1910028.0,중계,,
중계2·3동,20214,1,2156772.0,중계,,
중계4동,0,1,0.0,0,,
중계본동,0,1,0.0,0,,
중곡1동,0,1,0.0,0,,
중곡2동,0,1,0.0,0,,
중곡3동,20191,1,0.0,중곡,,
중곡3동,20192,1,0.0,중곡,,
중곡3동,20193,1,0.0,중곡,,
중곡3동,20194,1,0.0,중곡,,
중곡3동,20201,1,0.0,중곡,,
중곡3동,20202,1,0.0,중곡,,
중곡3동,20203,1,0.0,중곡,,
중곡3동,20204,1,0.0,중곡,,
중곡3동,20211,1,1380434.0,중곡,,
중곡3동,20212,1,1522301.0,중곡,,
중곡3동,20213,1,1401873.0,중곡,,
중곡3동,20214,1,1633681.0,중곡,,
중곡4동,0,1,0.0,0,,
중림동,0,1,0.0,0,,
중앙동,0,1,0.0,0,,
중화1동,0,1,0.0,0,,
중화2동,20191,2,0.0,"중랑, 중화",,
중화2동,20192,2,0.0,"중화, 중랑",,
중화2동,20193,2,0.0,"중화, 중랑",,
중화2동,20194,2,0.0,"중화, 중랑",,
중화2동,20201,2,0.0,"중랑, 중화",,
중화2동,20202,2,0.0,"중랑, 중화",,
중화2동,20203,2,0.0,"중화, 중랑",,
중화2동,20204,2,0.0,"중화, 중랑",,
중화2동,20211,2,2341605.0,"중화, 중랑",,
중화2동,20212,2,2649040.0,"중화, 중랑",,
중화2동,20213,2,2407296.0,"중랑, 중화",,
중화2동,20214,2,2632033.0,"중랑, 중화",,
증산동,20191,1,0.0,증산(명지대앞),,
증산동,20192,1,0.0,증산(명지대앞),,
증산동,20193,1,0.0,증산(명지대앞),,
증산동,20194,1,0.0,증산(명지대앞),,
증산동,20201,1,0.0,증산(명지대앞),,
증산동,20202,1,0.0,증산(명지대앞),,
증산동,20203,1,0.0,증산(명지대앞),,
증산동,20204,1,0.0,증산(명지대앞),,
증산동,20211,1,1444619.0,증산(명지대앞),,
증산동,20212,1,1607859.0,증산(명지대앞),,
증산동,20213,1,1448165.0,증산(명지대앞),,
증산동,20214,1,1610799.0,증산(명지대앞),,
진관동,20191,1,0.0,구파발,,
진관동,20192,1,0.0,구파발,,
진관동,20193,1,0.0,구파발,,
진관동,20194,1,0.0,구파발,,
진관동,20201,1,0.0,구파발,,
진관동,20202,1,0.0,구파발,,
진관동,20203,1,0.0,구파발,,
진관동,20204,1,0.0,구파발,,
진관동,20211,1,2823622.0,구파발,,
진관동,20212,1,3217808.0,구파발,,
진관동,20213,1,2907749.0,구파발,,
진관동,20214,1,3270145.0,구파발,,
창1동,20191,2,0.0,"녹천, 쌍문",,
창1동,20192,2,0.0,"녹천, 쌍문",,
창1동,20193,2,0.0,"쌍문, 녹천",,
창1동,20194,2,0.0,"쌍문, 녹천",,
창1동,20201,2,0.0,"쌍문, 녹천",,
창1동,20202,2,0.0,"쌍문, 녹천",,
창1동,20203,2,0.0,"쌍문, 녹천",,
창1동,20204,2,0.0,"쌍문, 녹천",,
창1동,20211,2,4682383.0,"쌍문, 녹천",,
창1동,20212,2,5206862.0,"녹천, 쌍문",,
창1동,20213,2,4713975.0,"녹천, 쌍문",,
창1동,20214,2,5198653.0,"쌍문, 녹천",,
창2동,0,1,0.0,0,,
창3동,0,1,0.0,0,,
창4동,20191,1,0.0,창동,,
창4동,20192,1,0.0,창동,,
창4동,20193,1,0.0,창동,,
창4동,20194,1,0.0,창동,,
창4동,20201,1,0.0,창동,,
창4동,20202,1,0.0,창동,,
창4동,20203,1,0.0,창동,,
창4동,20204,1,0.0,창동,,
창4동,20211,1,26.0,창동,,
창4동,20212,1,30.0,창동,,
창4동,20213,1,20.0,창동,,
창4동,20214,1,20.0,창동,,
창5동,20191,1,0.0,창동,,
창5동,20192,1,0.0,창동,,
창5동,20193,1,0.0,창동,,
창5동,20194,1,0.0,창동,,
창5동,20201,1,0.0,창동,,
창5동,20202,1,0.0,창동,,
창5동,20203,1,0.0,창동,,
창5동,20204,1,0.0,창동,,
창5동,20211,1,3843129.0,창동,,
창5동,20212,1,4240383.0,창동,,
창5동,20213,1,3773009.0,창동,,
창5동,20214,1,4208555.0,창동,,
창신1동,20191,2,0.0,"동대문, 동묘앞",,
창신1동,20192,2,0.0,"동묘앞, 동대문",,
창신1동,20193,2,0.0,"동묘앞, 동대문",,
창신1동,20194,2,0.0,"동대문, 동묘앞",,
창신1동,20201,2,0.0,"동묘앞, 동대문",,
창신1동,20202,2,0.0,"동묘앞, 동대문",,
창신1동,20203,2,0.0,"동묘앞, 동대문",,
창신1동,20204,2,0.0,"동대문, 동묘앞",,
창신1동,20211,2,2826551.0,"동대문, 동묘앞",,
창신1동,20212,2,3263068.0,"동묘앞, 동대문",,
창신1동,20213,2,2905558.0,"동대문, 동묘앞",,
창신1동,20214,2,3189331.0,"동묘앞, 동대문",,
창신2동,0,1,0.0,0,,
창신3동,20191,1,0.0,창신,,
창신3동,20192,1,0.0,창신,,
창신3동,20193,1,0.0,창신,,
창신3동,20194,1,0.0,창신,,
창신3동,20201,1,0.0,창신,,
창신3동,20202,1,0.0,창신,,
창신3동,20203,1,0.0,창신,,
창신3동,20204,1,0.0,창신,,
창신3동,20211,1,453394.0,창신,,
창신3동,20212,1,517764.0,창신,,
창신3동,20213,1,449898.0,창신,,
창신3동,20214,1,505833.0,창신,,
천연동,20191,1,0.0,독립문,,
천연동,20192,1,0.0,독립문,,
천연동,20193,1,0.0,독립문,,
천연동,20194,1,0.0,독립문,,
천연동,20201,1,0.0,독립문,,
천연동,20202,1,0.0,독립문,,
천연동,20203,1,0.0,독립문,,
천연동,20204,1,0.0,독립문,,
천연동,20211,1,1016314.0,독립문,,
천연동,20212,1,1195673.0,독립문,,
천연동,20213,1,1026696.0,독립문,,
천연동,20214,1,1174633.0,독립문,,
천호1동,20191,1,0.0,굽은다리(강동구민회관앞),,
천호1동,20192,1,0.0,굽은다리(강동구민회관앞),,
천호1동,20193,1,0.0,굽은다리(강동구민회관앞),,
천호1동,20194,1,0.0,굽은다리(강동구민회관앞),,
천호1동,20201,1,0.0,굽은다리(강동구민회관앞),,
천호1동,20202,1,0.0,굽은다리(강동구민회관앞),,
천호1동,20203,1,0.0,굽은다리(강동구민회관앞),,
천호1동,20204,1,0.0,굽은다리(강동구민회관앞),,
천호1동,20211,1,1304489.0,굽은다리(강동구민회관앞),,
천호1동,20212,1,1483978.0,굽은다리(강동구민회관앞),,
천호1동,20213,1,1366787.0,굽은다리(강동구민회관앞),,
천호1동,20214,1,1506861.0,굽은다리(강동구민회관앞),,
천호2동,0,1,0.0,0,,
천호3동,0,1,0.0,0,,
청구동,0,1,0.0,0,,
청담동,0,1,0.0,0,,
청량리동,0,1,0.0,0,,
청룡동,20191,2,0.0,"서울대입구(관악구청), 봉천",,
청룡동,20192,2,0.0,"서울대입구(관악구청), 봉천",,
청룡동,20193,2,0.0,"봉천, 서울대입구(관악구청)",,
청룡동,20194,2,0.0,"서울대입구(관악구청), 봉천",,
청룡동,20201,2,0.0,"봉천, 서울대입구(관악구청)",,
청룡동,20202,2,0.0,"서울대입구(관악구청), 봉천",,
청룡동,20203,2,0.0,"봉천, 서울대입구(관악구청)",,
청룡동,20204,2,0.0,"봉천, 서울대입구(관악구청)",,
청룡동,20211,2,10047995.0,"봉천, 서울대입구(관악구청)",,
청룡동,20212,2,11235367.0,"서울대입구(관악구청), 봉천",,
청룡동,20213,2,10066830.0,"봉천, 서울대입구(관악구청)",,
청룡동,20214,2,11269502.0,"서울대입구(관악구청), 봉천",,
청림동,0,1,0.0,0,,
청운효자동 ,0,1,0.0,0,,
청파동,0,1,0.0,0,,
충현동,20191,2,0.0,"충정로(경기대입구), 서대문",,
충현동,20192,2,0.0,"서대문, 충정로(경기대입구)",,
충현동,20193,2,0.0,"충정로(경기대입구), 서대문",,
충현동,20194,2,0.0,"서대문, 충정로(경기대입구)",,
충현동,20201,2,0.0,"충정로(경기대입구), 서대문",,
충현동,20202,2,0.0,"서대문, 충정로(경기대입구)",,
충현동,20203,2,0.0,"충정로(경기대입구), 서대문",,
충현동,20204,2,0.0,"충정로(경기대입구), 서대문",,
충현동,20211,2,4513365.0,"충정로(경기대입구), 서대문",,
충현동,20212,2,5066357.0,"서대문, 충정로(경기대입구)",,
충현동,20213,2,4400402.0,"충정로(경기대입구), 서대문",,
충현동,20214,2,5055666.0,"서대문, 충정로(경기대입구)",,
평창동,0,1,0.0,0,,
풍납1동,20191,1,0.0,천호(풍납토성),,
풍납1동,20192,1,0.0,천호(풍납토성),,
풍납1동,20193,1,0.0,천호(풍납토성),,
풍납1동,20194,1,0.0,천호(풍납토성),,
풍납1동,20201,1,0.0,천호(풍납토성),,
풍납1동,20202,1,0.0,천호(풍납토성),,
풍납1동,20203,1,0.0,천호(풍납토성),,
풍납1동,20204,1,0.0,천호(풍납토성),,
풍납1동,20211,1,2658328.0,천호(풍납토성),,
풍납1동,20212,1,2967033.0,천호(풍납토성),,
풍납1동,20213,1,2640934.0,천호(풍납토성),,
풍납1동,20214,1,2992415.0,천호(풍납토성),,
풍납2동,0,1,0.0,0,,
필동,20191,1,0.0,충무로,,
필동,20192,1,0.0,충무로,,
필동,20193,1,0.0,충무로,,
필동,20194,1,0.0,충무로,,
필동,20201,1,0.0,충무로,,
필동,20202,1,0.0,충무로,,
필동,20203,1,0.0,충무로,,
필동,20204,1,0.0,충무로,,
필동,20211,1,3492295.0,충무로,,
필동,20212,1,3940332.0,충무로,,
필동,20213,1,3461158.0,충무로,,
필동,20214,1,4027794.0,충무로,,
하계1동,0,1,0.0,0,,
하계2동,20191,1,0.0,하계,,
하계2동,20192,1,0.0,하계,,
하계2동,20193,1,0.0,하계,,
하계2동,20194,1,0.0,하계,,
하계2동,20201,1,0.0,하계,,
하계2동,20202,1,0.0,하계,,
하계2동,20203,1,0.0,하계,,
하계2동,20204,1,0.0,하계,,
하계2동,20211,1,2404972.0,하계,,
하계2동,20212,1,2720367.0,하계,,
하계2동,20213,1,2418174.0,하계,,
하계2동,20214,1,2736848.0,하계,,
한강로동,20191,4,0.0,"이촌(국립중앙박물관), 신용산, 용산, 삼각지",,
한강로동,20192,4,0.0,"삼각지, 이촌(국립중앙박물관), 용산, 신용산",,
한강로동,20193,4,0.0,"신용산, 이촌(국립중앙박물관), 용산, 삼각지",,
한강로동,20194,4,0.0,"신용산, 삼각지, 용산, 이촌(국립중앙박물관)",,
한강로동,20201,4,0.0,"삼각지, 이촌(국립중앙박물관), 용산, 신용산",,
한강로동,20202,4,0.0,"신용산, 이촌(국립중앙박물관), 삼각지, 용산",,
한강로동,20203,4,0.0,"신용산, 삼각지, 이촌(국립중앙박물관), 용산",,
한강로동,20204,4,0.0,"이촌(국립중앙박물관), 신용산, 용산, 삼각지",,
한강로동,20211,4,9764433.0,"이촌(국립중앙박물관), 삼각지, 용산, 신용산",,
한강로동,20212,4,11621114.0,"신용산, 이촌(국립중앙박물관), 삼각지, 용산",,
한강로동,20213,4,10316098.0,"용산, 삼각지, 신용산, 이촌(국립중앙박물관)",,
한강로동,20214,4,12238879.0,"신용산, 이촌(국립중앙박물관), 삼각지, 용산",,
한남동,20191,2,0.0,"한강진, 한남",,
한남동,20192,2,0.0,"한남, 한강진",,
한남동,20193,2,0.0,"한강진, 한남",,
한남동,20194,2,0.0,"한강진, 한남",,
한남동,20201,2,0.0,"한강진, 한남",,
한남동,20202,2,0.0,"한강진, 한남",,
한남동,20203,2,0.0,"한강진, 한남",,
한남동,20204,2,0.0,"한강진, 한남",,
한남동,20211,2,1722161.0,"한강진, 한남",,
한남동,20212,2,2035571.0,"한강진, 한남",,
한남동,20213,2,1777699.0,"한남, 한강진",,
한남동,20214,2,2155467.0,"한남, 한강진",,
합정동,20191,1,0.0,합정,,
합정동,20192,1,0.0,합정,,
합정동,20193,1,0.0,합정,,
합정동,20194,1,0.0,합정,,
합정동,20201,1,0.0,합정,,
합정동,20202,1,0.0,합정,,
합정동,20203,1,0.0,합정,,
합정동,20204,1,0.0,합정,,
합정동,20211,1,6237653.0,합정,,
합정동,20212,1,7245519.0,합정,,
합정동,20213,1,6280901.0,합정,,
합정동,20214,1,7396577.0,합정,,
항동,0,1,0.0,0,,
행당1동,20191,1,0.0,왕십리(성동구청),,
행당1동,20192,1,0.0,왕십리(성동구청),,
행당1동,20193,1,0.0,왕십리(성동구청),,
행당1동,20194,1,0.0,왕십리(성동구청),,
행당1동,20201,1,0.0,왕십리(성동구청),,
행당1동,20202,1,0.0,왕십리(성동구청),,
행당1동,20203,1,0.0,왕십리(성동구청),,
행당1동,20204,1,0.0,왕십리(성동구청),,
행당1동,20211,1,4797918.0,왕십리(성동구청),,
행당1동,20212,1,5511056.0,왕십리(성동구청),,
행당1동,20213,1,4839305.0,왕십리(성동구청),,
행당1동,20214,1,5693983.0,왕십리(성동구청),,
행당2동,20191,1,0.0,행당,,
행당2동,20192,1,0.0,행당,,
행당2동,20193,1,0.0,행당,,
행당2동,20194,1,0.0,행당,,
행당2동,20201,1,0.0,행당,,
행당2동,20202,1,0.0,행당,,
행당2동,20203,1,0.0,행당,,
행당2동,20204,1,0.0,행당,,
행당2동,20211,1,1098665.0,행당,,
행당2동,20212,1,1234977.0,행당,,
행당2동,20213,1,1091168.0,행당,,
행당2동,20214,1,1217477.0,행당,,
행운동,0,1,0.0,0,,
혜화동,0,1,0.0,0,,
홍은1동,0,1,0.0,0,,
홍은2동,0,1,0.0,0,,
홍제1동,20191,2,0.0,"무악재, 홍제",,
홍제1동,20192,2,0.0,"무악재, 홍제",,
홍제1동,20193,2,0.0,"홍제, 무악재",,
홍제1동,20194,2,0.0,"무악재, 홍제",,
홍제1동,20201,2,0.0,"홍제, 무악재",,
홍제1동,20202,2,0.0,"홍제, 무악재",,
홍제1동,20203,2,0.0,"홍제, 무악재",,
홍제1동,20204,2,0.0,"홍제, 무악재",,
홍제1동,20211,2,2971121.0,"무악재, 홍제",,
홍제1동,20212,2,3342376.0,"홍제, 무악재",,
홍제1동,20213,2,2962054.0,"홍제, 무악재",,
홍제1동,20214,2,3334215.0,"홍제, 무악재",,
홍제2동,0,1,0.0,0,,
홍제3동,0,1,0.0,0,,
화곡1동,20191,2,0.0,"까치산, 화곡",,
화곡1동,20192,2,0.0,"까치산, 화곡",,
화곡1동,20193,2,0.0,"까치산, 화곡",,
화곡1동,20194,2,0.0,"화곡, 까치산",,
화곡1동,20201,2,0.0,"까치산, 화곡",,
화곡1동,20202,2,0.0,"까치산, 화곡",,
화곡1동,20203,2,0.0,"까치산, 화곡",,
화곡1동,20204,2,0.0,"화곡, 까치산",,
화곡1동,20211,2,7988326.0,"까치산, 화곡",,
화곡1동,20212,2,8918322.0,"까치산, 화곡",,
화곡1동,20213,2,8002483.0,"까치산, 화곡",,
화곡1동,20214,2,8901036.0,"화곡, 까치산",,
화곡2동,0,1,0.0,0,,
화곡3동,0,1,0.0,0,,
화곡4동,0,1,0.0,0,,
화곡6동,0,1,0.0,0,,
화곡8동,0,1,0.0,0,,
화곡본동,0,1,0.0,0,,
화양동,20191,1,0.0,건대입구,,
화양동,20192,1,0.0,건대입구,,
화양동,20193,1,0.0,건대입구,,
화양동,20194,1,0.0,건대입구,,
화양동,20201,1,0.0,건대입구,,
화양동,20202,1,0.0,건대입구,,
화양동,20203,1,0.0,건대입구,,
화양동,20204,1,0.0,건대입구,,
화양동,20211,1,6864295.0,건대입구,,
화양동,20212,1,7902181.0,건대입구,,
화양동,20213,1,6801642.0,건대입구,,
화양동,20214,1,8070648.0,건대입구,,
황학동,0,1,0.0,0,,
회기동,0,1,0.0,0,,
회현동,0,2,0.0,"서울, 서울역",,
회현동,20191,2,0.0,"서울역, 회현(남대문시장)",,
회현동,20192,2,0.0,"서울역, 회현(남대문시장)",,
회현동,20193,2,0.0,"서울역, 회현(남대문시장)",,
회현동,20194,2,0.0,"서울역, 회현(남대문시장)",,
회현동,20201,2,0.0,"회현(남대문시장), 서울역",,
회현동,20202,2,0.0,"회현(남대문시장), 서울역",,
회현동,20203,2,0.0,"회현(남대문시장), 서울역",,
회현동,20204,2,0.0,"회현(남대문시장), 서울역",,
회현동,20211,2,8750274.0,"회현(남대문시장), 서울역",,
회현동,20212,2,10347278.0,"회현(남대문시장), 서울역",,
회현동,20213,2,8827572.0,"회현(남대문시장), 서울역",,
회현동,20214,2,10920742.0,"회현(남대문시장), 서울역",,
효창동,0,1,0.0,0,,
후암동,0,1,0.0,0,,
휘경1동,20191,1,0.0,회기,,
휘경1동,20192,1,0.0,회기,,
휘경1동,20193,1,0.0,회기,,
휘경1동,20194,1,0.0,회기,,
휘경1동,20201,1,0.0,회기,,
휘경1동,20202,1,0.0,회기,,
휘경1동,20203,1,0.0,회기,,
휘경1동,20204,1,0.0,회기,,
휘경1동,20211,1,3312419.0,회기,,
휘경1동,20212,1,3883735.0,회기,,
휘경1동,20213,1,3385592.0,회기,,
휘경1동,20214,1,3967546.0,회기,,
휘경2동,0,1,0.0,0,,
흑석동,20191,1,0.0,흑석(중앙대입구),,
흑석동,20192,1,0.0,흑석(중앙대입구),,
흑석동,20193,1,0.0,흑석(중앙대입구),,
흑석동,20194,1,0.0,흑석(중앙대입구),,
흑석동,20201,1,0.0,흑석(중앙대입구),,
흑석동,20202,1,0.0,흑석(중앙대입구),,
흑석동,20203,1,0.0,흑석(중앙대입구),,
흑석동,20204,1,0.0,흑석(중앙대입구),,
흑석동,20211,1,1103017.0,흑석(중앙대입구),,
흑석동,20212,1,1245076.0,흑석(중앙대입구),,
흑석동,20213,1,1101042.0,흑석(중앙대입구),,
흑석동,20214,1,1283243.0,흑석(중앙대입구),,
