행정동,시군구,총_승객수,연분기
가락1동,송파구,18745,20221
가락2동,송파구,10442,20221
가산동,금천구,38186,20221
갈현1동,은평구,29402,20221
갈현2동,은평구,5997,20221
개봉1동,구로구,10893,20221
개포2동,강남구,5130,20221
거여1동,송파구,7405,20221
공덕동,마포구,25676,20221
공릉1동,노원구,20802,20221
공릉2동,노원구,8958,20221
공항동,강서구,7704,20221
광장동,광진구,10487,20221
광희동,중구,23264,20221
구로2동,구로구,2666,20221
구로3동,구로구,56896,20221
구로5동,구로구,7293,20221
구의1동,광진구,18605,20221
구의2동,광진구,12147,20221
구의3동,광진구,24347,20221
금호1가동,성동구,4926,20221
금호4가동,성동구,6271,20221
길동,강동구,6445,20221
길음1동,성북구,15858,20221
남가좌1동,서대문구,2322,20221
남영동,용산구,14306,20221
남현동,관악구,48732,20221
내곡동,서초구,1943,20221
노량진1동,동작구,28808,20221
녹번동,은평구,15046,20221
논현1동,강남구,40215,20221
논현2동,강남구,34626,20221
능동,광진구,31245,20221
당산1동,영등포구,20069,20221
당산2동,영등포구,28236,20221
대림3동,영등포구,25906,20221
대방동,동작구,20643,20221
대조동,은평구,16524,20221
대치2동,강남구,49402,20221
대치4동,강남구,45387,20221
대흥동,마포구,17140,20221
도곡1동,강남구,9140,20221
도곡2동,강남구,16083,20221
도봉2동,도봉구,14696,20221
독산1동,금천구,7036,20221
동화동,중구,6039,20221
둔촌1동,강동구,7659,20221
둔촌2동,강동구,7740,20221
등촌1동,강서구,5572,20221
등촌3동,강서구,15901,20221
마장동,성동구,4483,20221
마천1동,송파구,5487,20221
망우본동,중랑구,2037,20221
면목3.8동,중랑구,12914,20221
면목4동,중랑구,4821,20221
면목본동,중랑구,12485,20221
명동,중구,42616,20221
명일1동,강동구,6778,20221
명일2동,강동구,7267,20221
목1동,양천구,30194,20221
목2동,양천구,16447,20221
목3동,양천구,8850,20221
묵2동,중랑구,8221,20221
문래동,영등포구,16027,20221
문정2동,송파구,23319,20221
미아동,강북구,11816,20221
반포1동,서초구,7253,20221
반포2동,서초구,2577,20221
반포4동,서초구,58791,20221
반포본동,서초구,1070,20221
발산1동,강서구,11151,20221
방배1동,서초구,10944,20221
방배2동,서초구,928,20221
방배3동,서초구,12874,20221
방이1동,송파구,5707,20221
방이2동,송파구,4191,20221
방학1동,도봉구,4638,20221
방화1동,강서구,9015,20221
방화2동,강서구,26426,20221
번1동,강북구,27366,20221
보문동,성북구,6429,20221
불광1동,은평구,2147,20221
사근동,성동구,9250,20221
사당2동,동작구,30283,20221
사당4동,동작구,8660,20221
사직동,종로구,37035,20221
삼선동,성북구,28282,20221
삼성1동,강남구,26980,20221
삼성2동,강남구,4924,20221
삼양동,강북구,5037,20221
상계1동,노원구,10184,20221
상계2동,노원구,31324,20221
상계3.4동,노원구,9901,20221
상계5동,노원구,15033,20221
상계8동,노원구,10012,20221
상도1동,동작구,18255,20221
상도2동,동작구,7236,20221
상봉1동,중랑구,2860,20221
상봉2동,중랑구,16258,20221
상암동,마포구,17876,20221
서강동,마포구,14080,20221
서교동,마포구,100022,20221
서빙고동,용산구,928,20221
서원동,관악구,51431,20221
서초1동,서초구,35038,20221
서초2동,서초구,67988,20221
서초3동,서초구,38676,20221
석관동,성북구,14480,20221
석촌동,송파구,11111,20221
성내1동,강동구,8110,20221
성내2동,강동구,41697,20221
성산2동,마포구,14866,20221
성수1가1동,성동구,4951,20221
성수1가2동,성동구,16668,20221
성수2가3동,성동구,28037,20221
소공동,중구,32118,20221
송천동,강북구,22011,20221
송파1동,송파구,6787,20221
수궁동,구로구,10867,20221
수색동,은평구,775,20221
수서동,강남구,18849,20221
수유1동,강북구,1553,20221
수유2동,강북구,1907,20221
숭인2동,종로구,14202,20221
시흥1동,금천구,5226,20221
신길1동,영등포구,7893,20221
신길6동,영등포구,9065,20221
신길7동,영등포구,6111,20221
신내1동,중랑구,6764,20221
신당동,중구,17501,20221
신도림동,구로구,40058,20221
신사1동,은평구,13912,20221
신사2동,은평구,9958,20221
신사동,관악구,21159,20221
신정3동,양천구,8027,20221
신정4동,양천구,10783,20221
신정7동,양천구,5263,20221
신촌동,서대문구,27139,20221
아현동,마포구,13068,20221
안암동,성북구,8461,20221
암사2동,강동구,14716,20221
압구정동,강남구,35917,20221
약수동,중구,14443,20221
양재1동,서초구,29871,20221
양재2동,서초구,3278,20221
양평1동,영등포구,5613,20221
양평2동,영등포구,6337,20221
여의동,영등포구,63540,20221
역삼1동,강남구,70277,20221
영등포동,영등포구,8057,20221
영등포본동,영등포구,16015,20221
오금동,송파구,7529,20221
오류1동,구로구,5258,20221
오륜동,송파구,10222,20221
옥수동,성동구,6951,20221
왕십리2동,성동구,11083,20221
용강동,마포구,10654,20221
용답동,성동구,27896,20221
용산2가동,용산구,3907,20221
용신동,동대문구,30651,20221
우이동,강북구,3989,20221
우장산동,강서구,15771,20221
월계2동,노원구,3498,20221
월계3동,노원구,4340,20221
월곡2동,성북구,13949,20221
을지로동,중구,37405,20221
응봉동,성동구,786,20221
이문1동,동대문구,4231,20221
이문2동,동대문구,4722,20221
이태원1동,용산구,8793,20221
이화동,종로구,26296,20221
인헌동,관악구,21761,20221
일원본동,강남구,7480,20221
자양4동,광진구,6377,20221
잠실2동,송파구,16756,20221
잠실4동,송파구,15382,20221
잠실6동,송파구,66962,20221
잠실7동,송파구,9809,20221
잠실본동,송파구,5572,20221
잠원동,서초구,3662,20221
장위2동,성북구,7410,20221
장지동,송파구,13567,20221
장충동,중구,6302,20221
전농1동,동대문구,23429,20221
정릉1동,성북구,2597,20221
정릉4동,성북구,3581,20221
제기동,동대문구,6213,20221
종로1.2.3.4가동,종로구,78188,20221
종로5.6가동,종로구,41020,20221
중계2.3동,노원구,10955,20221
중곡3동,광진구,8479,20221
중화2동,중랑구,11037,20221
증산동,은평구,8034,20221
진관동,은평구,16181,20221
창1동,도봉구,25663,20221
창5동,도봉구,20706,20221
창신3동,종로구,2667,20221
천연동,서대문구,5523,20221
천호1동,강동구,7593,20221
청룡동,관악구,57138,20221
충현동,서대문구,24242,20221
필동,중구,19231,20221
하계2동,노원구,13808,20221
한강로동,용산구,43458,20221
한남동,용산구,8358,20221
행당1동,성동구,23545,20221
행당2동,성동구,6264,20221
홍제1동,서대문구,16711,20221
화곡1동,강서구,45472,20221
화양동,광진구,39983,20221
회현동,중구,67225,20221
효창동,용산구,6767,20221
휘경1동,동대문구,13359,20221
흑석동,동작구,6516,20221
가락1동,송파구,22643,20222
가락2동,송파구,12252,20222
가산동,금천구,43137,20222
갈현1동,은평구,34227,20222
갈현2동,은평구,7149,20222
개봉1동,구로구,12881,20222
개포2동,강남구,6370,20222
거여1동,송파구,9371,20222
공덕동,마포구,30825,20222
공릉1동,노원구,25940,20222
공릉2동,노원구,10969,20222
공항동,강서구,8967,20222
광장동,광진구,12919,20222
광희동,중구,27869,20222
구로2동,구로구,3869,20222
구로3동,구로구,65254,20222
구로5동,구로구,8457,20222
구의1동,광진구,21403,20222
구의2동,광진구,14895,20222
구의3동,광진구,30523,20222
금호1가동,성동구,5932,20222
금호4가동,성동구,7353,20222
길동,강동구,7365,20222
길음1동,성북구,19774,20222
남가좌1동,서대문구,2910,20222
남영동,용산구,17839,20222
남현동,관악구,61189,20222
내곡동,서초구,2683,20222
노량진1동,동작구,34214,20222
녹번동,은평구,17672,20222
논현1동,강남구,45224,20222
논현2동,강남구,39225,20222
능동,광진구,38599,20222
당산1동,영등포구,22739,20222
당산2동,영등포구,34375,20222
대림3동,영등포구,30331,20222
대방동,동작구,23961,20222
대조동,은평구,19508,20222
대치2동,강남구,58200,20222
대치4동,강남구,53151,20222
대학동,관악구,711,20222
대흥동,마포구,21211,20222
도곡1동,강남구,10823,20222
도곡2동,강남구,18583,20222
도봉2동,도봉구,17932,20222
독산1동,금천구,8254,20222
동화동,중구,6924,20222
둔촌1동,강동구,8692,20222
둔촌2동,강동구,9382,20222
등촌1동,강서구,6416,20222
등촌3동,강서구,19156,20222
마장동,성동구,5242,20222
마천1동,송파구,6715,20222
망우본동,중랑구,2909,20222
면목3.8동,중랑구,15063,20222
면목4동,중랑구,5654,20222
면목본동,중랑구,14686,20222
명동,중구,53425,20222
명일1동,강동구,8170,20222
명일2동,강동구,8810,20222
목1동,양천구,35173,20222
목2동,양천구,19912,20222
목3동,양천구,10222,20222
묵2동,중랑구,9469,20222
문래동,영등포구,19241,20222
문정2동,송파구,26921,20222
미아동,강북구,14045,20222
반포1동,서초구,8835,20222
반포2동,서초구,3524,20222
반포4동,서초구,74828,20222
반포본동,서초구,1192,20222
발산1동,강서구,13462,20222
방배1동,서초구,12617,20222
방배2동,서초구,1268,20222
방배3동,서초구,16210,20222
방이1동,송파구,6586,20222
방이2동,송파구,4883,20222
방학1동,도봉구,5446,20222
방화1동,강서구,10960,20222
방화2동,강서구,30500,20222
번1동,강북구,31768,20222
보라매동,관악구,691,20222
보문동,성북구,7658,20222
불광1동,은평구,2546,20222
사근동,성동구,13949,20222
사당2동,동작구,36668,20222
사당4동,동작구,10293,20222
사직동,종로구,50463,20222
삼선동,성북구,34470,20222
삼성1동,강남구,32709,20222
삼성2동,강남구,14403,20222
삼양동,강북구,5831,20222
상계1동,노원구,12112,20222
상계2동,노원구,36022,20222
상계3.4동,노원구,8659,20222
상계5동,노원구,18147,20222
상계8동,노원구,11837,20222
상도1동,동작구,23153,20222
상도2동,동작구,8267,20222
상봉1동,중랑구,3447,20222
상봉2동,중랑구,18878,20222
상암동,마포구,21713,20222
서강동,마포구,16793,20222
서교동,마포구,118323,20222
서림동,관악구,1407,20222
서빙고동,용산구,1165,20222
서원동,관악구,58596,20222
서초1동,서초구,41946,20222
서초2동,서초구,76654,20222
서초3동,서초구,46024,20222
석관동,성북구,17163,20222
석촌동,송파구,12884,20222
성내1동,강동구,9238,20222
성내2동,강동구,48237,20222
성산2동,마포구,18492,20222
성수1가1동,성동구,7228,20222
성수1가2동,성동구,20657,20222
성수2가3동,성동구,32316,20222
소공동,중구,39801,20222
송천동,강북구,25700,20222
송파1동,송파구,8354,20222
수궁동,구로구,13558,20222
수색동,은평구,940,20222
수서동,강남구,22625,20222
수유1동,강북구,1801,20222
수유2동,강북구,2229,20222
숭인2동,종로구,17163,20222
시흥1동,금천구,6194,20222
신길1동,영등포구,9343,20222
신길6동,영등포구,10728,20222
신길7동,영등포구,7740,20222
신내1동,중랑구,7985,20222
신당동,중구,20874,20222
신대방2동,동작구,1350,20222
신도림동,구로구,47937,20222
신림동,관악구,234,20222
신사1동,은평구,16311,20222
신사2동,은평구,11998,20222
신사동,관악구,24755,20222
신정3동,양천구,9584,20222
신정4동,양천구,12645,20222
신정7동,양천구,6307,20222
신촌동,서대문구,32366,20222
아현동,마포구,15685,20222
안암동,성북구,11564,20222
암사2동,강동구,17135,20222
압구정동,강남구,40329,20222
약수동,중구,17308,20222
양재1동,서초구,35137,20222
양재2동,서초구,4482,20222
양평1동,영등포구,6460,20222
양평2동,영등포구,7630,20222
여의동,영등포구,83761,20222
역삼1동,강남구,81231,20222
영등포동,영등포구,9477,20222
영등포본동,영등포구,18900,20222
오금동,송파구,8973,20222
오류1동,구로구,6218,20222
오륜동,송파구,13964,20222
옥수동,성동구,8573,20222
왕십리2동,성동구,13021,20222
용강동,마포구,12516,20222
용답동,성동구,32149,20222
용산2가동,용산구,5053,20222
용신동,동대문구,35366,20222
우이동,강북구,5125,20222
우장산동,강서구,18502,20222
월계2동,노원구,4459,20222
월계3동,노원구,5243,20222
월곡2동,성북구,16785,20222
을지로동,중구,45504,20222
응봉동,성동구,998,20222
이문1동,동대문구,5212,20222
이문2동,동대문구,5488,20222
이태원1동,용산구,11718,20222
이화동,종로구,31804,20222
인헌동,관악구,25743,20222
일원본동,강남구,9118,20222
자양4동,광진구,11219,20222
잠실2동,송파구,20153,20222
잠실4동,송파구,18866,20222
잠실6동,송파구,84766,20222
잠실7동,송파구,16564,20222
잠실본동,송파구,6345,20222
잠원동,서초구,4505,20222
장위2동,성북구,8743,20222
장지동,송파구,15817,20222
장충동,중구,8452,20222
전농1동,동대문구,27977,20222
정릉1동,성북구,3164,20222
정릉4동,성북구,4230,20222
제기동,동대문구,7844,20222
종로1.2.3.4가동,종로구,99457,20222
종로5.6가동,종로구,50409,20222
중계2.3동,노원구,13369,20222
중곡3동,광진구,9972,20222
중화2동,중랑구,12899,20222
증산동,은평구,9404,20222
진관동,은평구,19445,20222
창1동,도봉구,29911,20222
창5동,도봉구,23961,20222
창신3동,종로구,3281,20222
천연동,서대문구,6899,20222
천호1동,강동구,8933,20222
청룡동,관악구,66307,20222
충현동,서대문구,29134,20222
필동,중구,23776,20222
하계2동,노원구,16618,20222
한강로동,용산구,56607,20222
한남동,용산구,9802,20222
행당1동,성동구,28299,20222
행당2동,성동구,7442,20222
홍제1동,서대문구,20219,20222
화곡1동,강서구,52956,20222
화양동,광진구,47838,20222
회현동,중구,87269,20222
효창동,용산구,8309,20222
휘경1동,동대문구,16348,20222
흑석동,동작구,8209,20222
가락1동,송파구,22423,20223
가락2동,송파구,12079,20223
가산동,금천구,42698,20223
갈현1동,은평구,32953,20223
갈현2동,은평구,6987,20223
개봉1동,구로구,12385,20223
개포2동,강남구,6279,20223
거여1동,송파구,8952,20223
공덕동,마포구,30596,20223
공릉1동,노원구,23645,20223
공릉2동,노원구,10299,20223
공항동,강서구,8698,20223
광장동,광진구,12259,20223
광희동,중구,28665,20223
구로2동,구로구,3677,20223
구로3동,구로구,64698,20223
구로5동,구로구,8233,20223
구의1동,광진구,21028,20223
구의2동,광진구,13421,20223
구의3동,광진구,30603,20223
금호1가동,성동구,5652,20223
금호4가동,성동구,7149,20223
길동,강동구,7232,20223
길음1동,성북구,18738,20223
남가좌1동,서대문구,2915,20223
남영동,용산구,17296,20223
남현동,관악구,59056,20223
내곡동,서초구,2467,20223
노량진1동,동작구,32855,20223
녹번동,은평구,17227,20223
논현1동,강남구,45403,20223
논현2동,강남구,39112,20223
능동,광진구,36719,20223
당산1동,영등포구,22157,20223
당산2동,영등포구,33040,20223
대림3동,영등포구,29896,20223
대방동,동작구,21917,20223
대조동,은평구,18865,20223
대치2동,강남구,61445,20223
대치4동,강남구,54040,20223
대학동,관악구,1767,20223
대흥동,마포구,21461,20223
도곡1동,강남구,10635,20223
도곡2동,강남구,18910,20223
도봉2동,도봉구,16596,20223
독산1동,금천구,8052,20223
동화동,중구,6701,20223
둔촌1동,강동구,8289,20223
둔촌2동,강동구,9494,20223
등촌1동,강서구,6570,20223
등촌3동,강서구,19085,20223
마장동,성동구,5065,20223
마천1동,송파구,6459,20223
망우본동,중랑구,2830,20223
면목3.8동,중랑구,14418,20223
면목4동,중랑구,5413,20223
면목본동,중랑구,13671,20223
명동,중구,56480,20223
명일1동,강동구,7784,20223
명일2동,강동구,8626,20223
목1동,양천구,34656,20223
목2동,양천구,19572,20223
목3동,양천구,10299,20223
묵2동,중랑구,9184,20223
문래동,영등포구,18940,20223
문정2동,송파구,25918,20223
미아동,강북구,13345,20223
반포1동,서초구,8912,20223
반포2동,서초구,3587,20223
반포4동,서초구,75890,20223
반포본동,서초구,1086,20223
발산1동,강서구,13015,20223
방배1동,서초구,12541,20223
방배2동,서초구,1234,20223
방배3동,서초구,14587,20223
방이1동,송파구,6424,20223
방이2동,송파구,4820,20223
방학1동,도봉구,5269,20223
방화1동,강서구,10758,20223
방화2동,강서구,30236,20223
번1동,강북구,30492,20223
보라매동,관악구,2173,20223
보문동,성북구,7577,20223
불광1동,은평구,2518,20223
사근동,성동구,10471,20223
사당2동,동작구,34664,20223
사당4동,동작구,10111,20223
사직동,종로구,48734,20223
삼선동,성북구,32527,20223
삼성1동,강남구,34261,20223
삼성2동,강남구,18875,20223
삼양동,강북구,5700,20223
상계1동,노원구,11721,20223
상계2동,노원구,35321,20223
상계3.4동,노원구,8317,20223
상계5동,노원구,17031,20223
상계8동,노원구,11675,20223
상도1동,동작구,21672,20223
상도2동,동작구,8269,20223
상봉1동,중랑구,3355,20223
상봉2동,중랑구,18207,20223
상암동,마포구,21809,20223
서강동,마포구,16826,20223
서교동,마포구,120009,20223
서림동,관악구,4216,20223
서빙고동,용산구,1178,20223
서원동,관악구,54934,20223
서초1동,서초구,41185,20223
서초2동,서초구,77892,20223
서초3동,서초구,45727,20223
석관동,성북구,16381,20223
석촌동,송파구,12618,20223
성내1동,강동구,9041,20223
성내2동,강동구,47017,20223
성산2동,마포구,18300,20223
성수1가1동,성동구,6473,20223
성수1가2동,성동구,19834,20223
성수2가3동,성동구,32643,20223
소공동,중구,41135,20223
송천동,강북구,24590,20223
송파1동,송파구,8107,20223
수궁동,구로구,12672,20223
수색동,은평구,918,20223
수서동,강남구,22299,20223
수유1동,강북구,1755,20223
수유2동,강북구,2193,20223
숭인2동,종로구,15920,20223
시흥1동,금천구,5834,20223
신길1동,영등포구,9094,20223
신길6동,영등포구,10448,20223
신길7동,영등포구,8423,20223
신내1동,중랑구,7825,20223
신당동,중구,20120,20223
신대방2동,동작구,4190,20223
신도림동,구로구,46357,20223
신림동,관악구,579,20223
신사1동,은평구,15648,20223
신사2동,은평구,11243,20223
신사동,관악구,23111,20223
신정3동,양천구,9301,20223
신정4동,양천구,12263,20223
신정7동,양천구,6104,20223
신촌동,서대문구,33850,20223
아현동,마포구,15356,20223
안암동,성북구,10275,20223
암사2동,강동구,16737,20223
압구정동,강남구,40681,20223
약수동,중구,16762,20223
양재1동,서초구,34386,20223
양재2동,서초구,4973,20223
양평1동,영등포구,6359,20223
양평2동,영등포구,7505,20223
여의동,영등포구,81753,20223
역삼1동,강남구,84264,20223
영등포동,영등포구,9306,20223
영등포본동,영등포구,19046,20223
오금동,송파구,8665,20223
오류1동,구로구,5947,20223
오륜동,송파구,14134,20223
옥수동,성동구,8237,20223
왕십리2동,성동구,12787,20223
용강동,마포구,12206,20223
용답동,성동구,31957,20223
용산2가동,용산구,4937,20223
용신동,동대문구,34389,20223
우이동,강북구,4825,20223
우장산동,강서구,18027,20223
월계2동,노원구,3965,20223
월계3동,노원구,4790,20223
월곡2동,성북구,16264,20223
을지로동,중구,46209,20223
응봉동,성동구,919,20223
이문1동,동대문구,5054,20223
이문2동,동대문구,5358,20223
이태원1동,용산구,11844,20223
이화동,종로구,32006,20223
인헌동,관악구,25283,20223
일원본동,강남구,9083,20223
자양4동,광진구,9388,20223
잠실2동,송파구,20017,20223
잠실4동,송파구,18248,20223
잠실6동,송파구,83626,20223
잠실7동,송파구,17267,20223
잠실본동,송파구,6371,20223
잠원동,서초구,4407,20223
장위2동,성북구,8487,20223
장지동,송파구,15415,20223
장충동,중구,8263,20223
전농1동,동대문구,27229,20223
정릉1동,성북구,2971,20223
정릉4동,성북구,4033,20223
제기동,동대문구,7548,20223
종로1.2.3.4가동,종로구,98117,20223
종로5.6가동,종로구,47812,20223
중계2.3동,노원구,12796,20223
중곡3동,광진구,9654,20223
중화2동,중랑구,12367,20223
증산동,은평구,8960,20223
진관동,은평구,19217,20223
창1동,도봉구,28493,20223
창5동,도봉구,23062,20223
창신3동,종로구,3125,20223
천연동,서대문구,6573,20223
천호1동,강동구,8761,20223
청룡동,관악구,64298,20223
충현동,서대문구,28719,20223
필동,중구,22517,20223
하계2동,노원구,15880,20223
한강로동,용산구,58140,20223
한남동,용산구,9894,20223
행당1동,성동구,27410,20223
행당2동,성동구,7291,20223
홍제1동,서대문구,19300,20223
화곡1동,강서구,51556,20223
화양동,광진구,45304,20223
회현동,중구,88116,20223
효창동,용산구,8032,20223
휘경1동,동대문구,16154,20223
흑석동,동작구,7832,20223
가락1동,송파구,24408,20224
가락2동,송파구,12769,20224
가산동,금천구,43877,20224
갈현1동,은평구,34611,20224
갈현2동,은평구,7431,20224
개봉1동,구로구,13279,20224
개포2동,강남구,6842,20224
거여1동,송파구,9388,20224
공덕동,마포구,32834,20224
공릉1동,노원구,26064,20224
공릉2동,노원구,11559,20224
공항동,강서구,9061,20224
광장동,광진구,13456,20224
광희동,중구,32772,20224
구로2동,구로구,3947,20224
구로3동,구로구,67655,20224
구로5동,구로구,8725,20224
구의1동,광진구,22599,20224
구의2동,광진구,14510,20224
구의3동,광진구,32021,20224
금호1가동,성동구,6010,20224
금호4가동,성동구,7758,20224
길동,강동구,7541,20224
길음1동,성북구,20678,20224
남가좌1동,서대문구,3212,20224
남영동,용산구,19581,20224
남현동,관악구,65966,20224
내곡동,서초구,2816,20224
노량진1동,동작구,36374,20224
녹번동,은평구,18408,20224
논현1동,강남구,48392,20224
논현2동,강남구,41187,20224
능동,광진구,41062,20224
당산1동,영등포구,23642,20224
당산2동,영등포구,35533,20224
대림3동,영등포구,31460,20224
대방동,동작구,23188,20224
대조동,은평구,20002,20224
대치2동,강남구,64375,20224
대치4동,강남구,55764,20224
대학동,관악구,1647,20224
대흥동,마포구,24831,20224
도곡1동,강남구,11118,20224
도곡2동,강남구,19724,20224
도봉2동,도봉구,17760,20224
독산1동,금천구,8272,20224
동화동,중구,7151,20224
둔촌1동,강동구,9150,20224
둔촌2동,강동구,10022,20224
등촌1동,강서구,6276,20224
등촌3동,강서구,20319,20224
마장동,성동구,5621,20224
마천1동,송파구,6938,20224
망우본동,중랑구,2971,20224
면목3.8동,중랑구,15442,20224
면목4동,중랑구,5663,20224
면목본동,중랑구,14900,20224
명동,중구,70351,20224
명일1동,강동구,8288,20224
명일2동,강동구,9205,20224
목1동,양천구,36283,20224
목2동,양천구,20793,20224
목3동,양천구,10716,20224
묵2동,중랑구,9696,20224
문래동,영등포구,19832,20224
문정2동,송파구,27059,20224
미아동,강북구,14509,20224
반포1동,서초구,9529,20224
반포2동,서초구,3683,20224
반포4동,서초구,80622,20224
반포본동,서초구,1191,20224
발산1동,강서구,13787,20224
방배1동,서초구,13176,20224
방배2동,서초구,1328,20224
방배3동,서초구,16562,20224
방이1동,송파구,6828,20224
방이2동,송파구,5187,20224
방학1동,도봉구,5545,20224
방화1동,강서구,11605,20224
방화2동,강서구,30444,20224
번1동,강북구,32920,20224
보라매동,관악구,2439,20224
보문동,성북구,8160,20224
불광1동,은평구,2602,20224
사근동,성동구,13920,20224
사당2동,동작구,36832,20224
사당4동,동작구,10778,20224
사직동,종로구,55844,20224
삼선동,성북구,36428,20224
삼성1동,강남구,36180,20224
삼성2동,강남구,19519,20224
삼양동,강북구,6060,20224
상계1동,노원구,12310,20224
상계2동,노원구,37552,20224
상계3.4동,노원구,8847,20224
상계5동,노원구,18169,20224
상계8동,노원구,12341,20224
상도1동,동작구,24894,20224
상도2동,동작구,8643,20224
상봉1동,중랑구,3539,20224
상봉2동,중랑구,19477,20224
상암동,마포구,22726,20224
서강동,마포구,18197,20224
서교동,마포구,131122,20224
서림동,관악구,5131,20224
서빙고동,용산구,1243,20224
서원동,관악구,57614,20224
서초1동,서초구,43585,20224
서초2동,서초구,79173,20224
서초3동,서초구,48666,20224
석관동,성북구,17660,20224
석촌동,송파구,13582,20224
성내1동,강동구,9697,20224
성내2동,강동구,49959,20224
성산2동,마포구,19599,20224
성수1가1동,성동구,6957,20224
성수1가2동,성동구,21098,20224
성수2가3동,성동구,35432,20224
소공동,중구,48063,20224
송천동,강북구,26191,20224
송파1동,송파구,8866,20224
수궁동,구로구,13751,20224
수색동,은평구,917,20224
수서동,강남구,24180,20224
수유1동,강북구,1851,20224
수유2동,강북구,2314,20224
숭인2동,종로구,17654,20224
시흥1동,금천구,6252,20224
신길1동,영등포구,9753,20224
신길6동,영등포구,10942,20224
신길7동,영등포구,9321,20224
신내1동,중랑구,8272,20224
신당동,중구,21703,20224
신대방2동,동작구,4578,20224
신도림동,구로구,51052,20224
신림동,관악구,613,20224
신사1동,은평구,16708,20224
신사2동,은평구,12128,20224
신사동,관악구,24396,20224
신정3동,양천구,9921,20224
신정4동,양천구,12856,20224
신정7동,양천구,6596,20224
신촌동,서대문구,37296,20224
아현동,마포구,16358,20224
안암동,성북구,12209,20224
암사2동,강동구,17792,20224
압구정동,강남구,43661,20224
약수동,중구,18046,20224
양재1동,서초구,37102,20224
양재2동,서초구,5796,20224
양평1동,영등포구,6561,20224
양평2동,영등포구,7685,20224
여의동,영등포구,86490,20224
역삼1동,강남구,87599,20224
영등포동,영등포구,10222,20224
영등포본동,영등포구,20523,20224
오금동,송파구,9334,20224
오류1동,구로구,6239,20224
오륜동,송파구,16181,20224
옥수동,성동구,8742,20224
왕십리2동,성동구,13498,20224
용강동,마포구,13139,20224
용답동,성동구,33783,20224
용산2가동,용산구,5413,20224
용신동,동대문구,36724,20224
우이동,강북구,5498,20224
우장산동,강서구,19645,20224
월계2동,노원구,4416,20224
월계3동,노원구,5249,20224
월곡2동,성북구,17803,20224
을지로동,중구,50556,20224
응봉동,성동구,966,20224
이문1동,동대문구,5958,20224
이문2동,동대문구,5656,20224
이태원1동,용산구,12216,20224
이화동,종로구,36200,20224
인헌동,관악구,26701,20224
일원본동,강남구,9719,20224
자양4동,광진구,8166,20224
잠실2동,송파구,21594,20224
잠실4동,송파구,19671,20224
잠실6동,송파구,94346,20224
잠실7동,송파구,15417,20224
잠실본동,송파구,6733,20224
잠원동,서초구,4710,20224
장위2동,성북구,9310,20224
장지동,송파구,16500,20224
장충동,중구,10230,20224
전농1동,동대문구,28837,20224
정릉1동,성북구,3277,20224
정릉4동,성북구,4487,20224
제기동,동대문구,8621,20224
종로1.2.3.4가동,종로구,111451,20224
종로5.6가동,종로구,52895,20224
중계2.3동,노원구,13728,20224
중곡3동,광진구,10209,20224
중화2동,중랑구,13130,20224
증산동,은평구,9575,20224
진관동,은평구,20248,20224
창1동,도봉구,30631,20224
창5동,도봉구,24338,20224
창신3동,종로구,3372,20224
천연동,서대문구,7179,20224
천호1동,강동구,9150,20224
청룡동,관악구,68146,20224
충현동,서대문구,30906,20224
필동,중구,25759,20224
하계2동,노원구,17125,20224
한강로동,용산구,63519,20224
한남동,용산구,10794,20224
행당1동,성동구,29675,20224
행당2동,성동구,7715,20224
홍제1동,서대문구,21124,20224
화곡1동,강서구,54582,20224
화양동,광진구,49033,20224
회현동,중구,101317,20224
효창동,용산구,8878,20224
휘경1동,동대문구,18346,20224
흑석동,동작구,8931,20224
가락본동,송파구,0,20221
가리봉동,구로구,0,20221
가양2동,강서구,0,20221
가양3동,강서구,0,20221
가회동,종로구,0,20221
개봉2동,구로구,0,20221
개봉3동,구로구,0,20221
개포1동,강남구,0,20221
개포4동,강남구,0,20221
거여2동,송파구,0,20221
고덕1동,강동구,0,20221
고덕2동,강동구,0,20221
고척1동,구로구,0,20221
고척2동,구로구,0,20221
교남동,종로구,0,20221
구로1동,구로구,0,20221
구로4동,구로구,0,20221
구산동,은평구,0,20221
군자동,광진구,0,20221
금호2.3가동,성동구,0,20221
길음2동,성북구,0,20221
낙성대동,관악구,0,20221
난곡동,관악구,0,20221
난향동,관악구,0,20221
남가좌2동,서대문구,0,20221
노량진2동,동작구,0,20221
다산동,중구,0,20221
답십리1동,동대문구,0,20221
답십리2동,동대문구,0,20221
대림1동,영등포구,0,20221
대림2동,영등포구,0,20221
대치1동,강남구,0,20221
대학동,관악구,0,20221
도림동,영등포구,0,20221
도봉1동,도봉구,0,20221
도화동,마포구,0,20221
독산2동,금천구,0,20221
독산3동,금천구,0,20221
독산4동,금천구,0,20221
돈암1동,성북구,0,20221
돈암2동,성북구,0,20221
동선동,성북구,0,20221
등촌2동,강서구,0,20221
마천2동,송파구,0,20221
망우3동,중랑구,0,20221
망원1동,마포구,0,20221
망원2동,마포구,0,20221
면목2동,중랑구,0,20221
면목5동,중랑구,0,20221
면목7동,중랑구,0,20221
목4동,양천구,0,20221
목5동,양천구,0,20221
무악동,종로구,0,20221
묵1동,중랑구,0,20221
문정1동,송파구,0,20221
미성동,관악구,0,20221
반포3동,서초구,0,20221
방배4동,서초구,0,20221
방배본동,서초구,0,20221
방학2동,도봉구,0,20221
방학3동,도봉구,0,20221
번2동,강북구,0,20221
번3동,강북구,0,20221
보광동,용산구,0,20221
보라매동,관악구,0,20221
부암동,종로구,0,20221
북가좌1동,서대문구,0,20221
북가좌2동,서대문구,0,20221
북아현동,서대문구,0,20221
불광2동,은평구,0,20221
사당1동,동작구,0,20221
사당3동,동작구,0,20221
사당5동,동작구,0,20221
삼각산동,강북구,0,20221
삼성동,관악구,0,20221
삼전동,송파구,0,20221
삼청동,종로구,0,20221
상계10동,노원구,0,20221
상계6.7동,노원구,0,20221
상계9동,노원구,0,20221
상도3동,동작구,0,20221
상도4동,동작구,0,20221
서림동,관악구,0,20221
서초4동,서초구,0,20221
성내3동,강동구,0,20221
성북동,성북구,0,20221
성산1동,마포구,0,20221
성수2가1동,성동구,0,20221
성현동,관악구,0,20221
세곡동,강남구,0,20221
송정동,성동구,0,20221
송중동,강북구,0,20221
송파2동,송파구,0,20221
수유3동,강북구,0,20221
숭인1동,종로구,0,20221
시흥2동,금천구,0,20221
시흥3동,금천구,0,20221
시흥4동,금천구,0,20221
시흥5동,금천구,0,20221
신길3동,영등포구,0,20221
신길4동,영등포구,0,20221
신길5동,영등포구,0,20221
신내2동,중랑구,0,20221
신당5동,중구,0,20221
신대방1동,동작구,0,20221
신대방2동,동작구,0,20221
신림동,관악구,0,20221
신사동,강남구,0,20221
신수동,마포구,0,20221
신원동,관악구,0,20221
신월1동,양천구,0,20221
신월2동,양천구,0,20221
신월3동,양천구,0,20221
신월4동,양천구,0,20221
신월5동,양천구,0,20221
신월6동,양천구,0,20221
신월7동,양천구,0,20221
신정1동,양천구,0,20221
신정2동,양천구,0,20221
신정6동,양천구,0,20221
쌍문1동,도봉구,0,20221
쌍문2동,도봉구,0,20221
쌍문3동,도봉구,0,20221
쌍문4동,도봉구,0,20221
암사1동,강동구,0,20221
암사3동,강동구,0,20221
역삼2동,강남구,0,20221
역촌동,은평구,0,20221
연남동,마포구,0,20221
연희동,서대문구,0,20221
염리동,마포구,0,20221
염창동,강서구,0,20221
왕십리도선동,성동구,0,20221
용문동,용산구,0,20221
원효로1동,용산구,0,20221
원효로2동,용산구,0,20221
월계1동,노원구,0,20221
월곡1동,성북구,0,20221
위례동,송파구,0,20221
은천동,관악구,0,20221
응암1동,은평구,0,20221
응암2동,은평구,0,20221
응암3동,은평구,0,20221
이촌1동,용산구,0,20221
이촌2동,용산구,0,20221
이태원2동,용산구,0,20221
인수동,강북구,0,20221
일원1동,강남구,0,20221
자양1동,광진구,0,20221
자양2동,광진구,0,20221
자양3동,광진구,0,20221
잠실3동,송파구,0,20221
장안1동,동대문구,0,20221
장안2동,동대문구,0,20221
장위1동,성북구,0,20221
장위3동,성북구,0,20221
전농2동,동대문구,0,20221
정릉2동,성북구,0,20221
정릉3동,성북구,0,20221
조원동,관악구,0,20221
종암동,성북구,0,20221
중계1동,노원구,0,20221
중계4동,노원구,0,20221
중계본동,노원구,0,20221
중곡1동,광진구,0,20221
중곡2동,광진구,0,20221
중곡4동,광진구,0,20221
중림동,중구,0,20221
중앙동,관악구,0,20221
중화1동,중랑구,0,20221
창2동,도봉구,0,20221
창3동,도봉구,0,20221
창4동,도봉구,0,20221
창신1동,종로구,0,20221
창신2동,종로구,0,20221
천호2동,강동구,0,20221
천호3동,강동구,0,20221
청구동,중구,0,20221
청담동,강남구,0,20221
청량리동,동대문구,0,20221
청림동,관악구,0,20221
청운효자동,종로구,0,20221
청파동,용산구,0,20221
평창동,종로구,0,20221
풍납1동,송파구,0,20221
풍납2동,송파구,0,20221
하계1동,노원구,0,20221
합정동,마포구,0,20221
행운동,관악구,0,20221
혜화동,종로구,0,20221
홍은1동,서대문구,0,20221
홍은2동,서대문구,0,20221
홍제2동,서대문구,0,20221
홍제3동,서대문구,0,20221
화곡2동,강서구,0,20221
화곡3동,강서구,0,20221
화곡4동,강서구,0,20221
화곡6동,강서구,0,20221
화곡8동,강서구,0,20221
화곡본동,강서구,0,20221
황학동,중구,0,20221
회기동,동대문구,0,20221
후암동,용산구,0,20221
휘경2동,동대문구,0,20221
가락본동,송파구,0,20222
가리봉동,구로구,0,20222
가양2동,강서구,0,20222
가양3동,강서구,0,20222
가회동,종로구,0,20222
개봉2동,구로구,0,20222
개봉3동,구로구,0,20222
개포1동,강남구,0,20222
개포4동,강남구,0,20222
거여2동,송파구,0,20222
고덕1동,강동구,0,20222
고덕2동,강동구,0,20222
고척1동,구로구,0,20222
고척2동,구로구,0,20222
교남동,종로구,0,20222
구로1동,구로구,0,20222
구로4동,구로구,0,20222
구산동,은평구,0,20222
군자동,광진구,0,20222
금호2.3가동,성동구,0,20222
길음2동,성북구,0,20222
낙성대동,관악구,0,20222
난곡동,관악구,0,20222
난향동,관악구,0,20222
남가좌2동,서대문구,0,20222
노량진2동,동작구,0,20222
다산동,중구,0,20222
답십리1동,동대문구,0,20222
답십리2동,동대문구,0,20222
대림1동,영등포구,0,20222
대림2동,영등포구,0,20222
대치1동,강남구,0,20222
도림동,영등포구,0,20222
도봉1동,도봉구,0,20222
도화동,마포구,0,20222
독산2동,금천구,0,20222
독산3동,금천구,0,20222
독산4동,금천구,0,20222
돈암1동,성북구,0,20222
돈암2동,성북구,0,20222
동선동,성북구,0,20222
등촌2동,강서구,0,20222
마천2동,송파구,0,20222
망우3동,중랑구,0,20222
망원1동,마포구,0,20222
망원2동,마포구,0,20222
면목2동,중랑구,0,20222
면목5동,중랑구,0,20222
면목7동,중랑구,0,20222
목4동,양천구,0,20222
목5동,양천구,0,20222
무악동,종로구,0,20222
묵1동,중랑구,0,20222
문정1동,송파구,0,20222
미성동,관악구,0,20222
반포3동,서초구,0,20222
방배4동,서초구,0,20222
방배본동,서초구,0,20222
방학2동,도봉구,0,20222
방학3동,도봉구,0,20222
번2동,강북구,0,20222
번3동,강북구,0,20222
보광동,용산구,0,20222
부암동,종로구,0,20222
북가좌1동,서대문구,0,20222
북가좌2동,서대문구,0,20222
북아현동,서대문구,0,20222
불광2동,은평구,0,20222
사당1동,동작구,0,20222
사당3동,동작구,0,20222
사당5동,동작구,0,20222
삼각산동,강북구,0,20222
삼성동,관악구,0,20222
삼전동,송파구,0,20222
삼청동,종로구,0,20222
상계10동,노원구,0,20222
상계6.7동,노원구,0,20222
상계9동,노원구,0,20222
상도3동,동작구,0,20222
상도4동,동작구,0,20222
서초4동,서초구,0,20222
성내3동,강동구,0,20222
성북동,성북구,0,20222
성산1동,마포구,0,20222
성수2가1동,성동구,0,20222
성현동,관악구,0,20222
세곡동,강남구,0,20222
송정동,성동구,0,20222
송중동,강북구,0,20222
송파2동,송파구,0,20222
수유3동,강북구,0,20222
숭인1동,종로구,0,20222
시흥2동,금천구,0,20222
시흥3동,금천구,0,20222
시흥4동,금천구,0,20222
시흥5동,금천구,0,20222
신길3동,영등포구,0,20222
신길4동,영등포구,0,20222
신길5동,영등포구,0,20222
신내2동,중랑구,0,20222
신당5동,중구,0,20222
신대방1동,동작구,0,20222
신사동,강남구,0,20222
신수동,마포구,0,20222
신원동,관악구,0,20222
신월1동,양천구,0,20222
신월2동,양천구,0,20222
신월3동,양천구,0,20222
신월4동,양천구,0,20222
신월5동,양천구,0,20222
신월6동,양천구,0,20222
신월7동,양천구,0,20222
신정1동,양천구,0,20222
신정2동,양천구,0,20222
신정6동,양천구,0,20222
쌍문1동,도봉구,0,20222
쌍문2동,도봉구,0,20222
쌍문3동,도봉구,0,20222
쌍문4동,도봉구,0,20222
암사1동,강동구,0,20222
암사3동,강동구,0,20222
역삼2동,강남구,0,20222
역촌동,은평구,0,20222
연남동,마포구,0,20222
연희동,서대문구,0,20222
염리동,마포구,0,20222
염창동,강서구,0,20222
왕십리도선동,성동구,0,20222
용문동,용산구,0,20222
원효로1동,용산구,0,20222
원효로2동,용산구,0,20222
월계1동,노원구,0,20222
월곡1동,성북구,0,20222
위례동,송파구,0,20222
은천동,관악구,0,20222
응암1동,은평구,0,20222
응암2동,은평구,0,20222
응암3동,은평구,0,20222
이촌1동,용산구,0,20222
이촌2동,용산구,0,20222
이태원2동,용산구,0,20222
인수동,강북구,0,20222
일원1동,강남구,0,20222
자양1동,광진구,0,20222
자양2동,광진구,0,20222
자양3동,광진구,0,20222
잠실3동,송파구,0,20222
장안1동,동대문구,0,20222
장안2동,동대문구,0,20222
장위1동,성북구,0,20222
장위3동,성북구,0,20222
전농2동,동대문구,0,20222
정릉2동,성북구,0,20222
정릉3동,성북구,0,20222
조원동,관악구,0,20222
종암동,성북구,0,20222
중계1동,노원구,0,20222
중계4동,노원구,0,20222
중계본동,노원구,0,20222
중곡1동,광진구,0,20222
중곡2동,광진구,0,20222
중곡4동,광진구,0,20222
중림동,중구,0,20222
중앙동,관악구,0,20222
중화1동,중랑구,0,20222
창2동,도봉구,0,20222
창3동,도봉구,0,20222
창4동,도봉구,0,20222
창신1동,종로구,0,20222
창신2동,종로구,0,20222
천호2동,강동구,0,20222
천호3동,강동구,0,20222
청구동,중구,0,20222
청담동,강남구,0,20222
청량리동,동대문구,0,20222
청림동,관악구,0,20222
청운효자동,종로구,0,20222
청파동,용산구,0,20222
평창동,종로구,0,20222
풍납1동,송파구,0,20222
풍납2동,송파구,0,20222
하계1동,노원구,0,20222
합정동,마포구,0,20222
행운동,관악구,0,20222
혜화동,종로구,0,20222
홍은1동,서대문구,0,20222
홍은2동,서대문구,0,20222
홍제2동,서대문구,0,20222
홍제3동,서대문구,0,20222
화곡2동,강서구,0,20222
화곡3동,강서구,0,20222
화곡4동,강서구,0,20222
화곡6동,강서구,0,20222
화곡8동,강서구,0,20222
화곡본동,강서구,0,20222
황학동,중구,0,20222
회기동,동대문구,0,20222
후암동,용산구,0,20222
휘경2동,동대문구,0,20222
가락본동,송파구,0,20223
가리봉동,구로구,0,20223
가양2동,강서구,0,20223
가양3동,강서구,0,20223
가회동,종로구,0,20223
개봉2동,구로구,0,20223
개봉3동,구로구,0,20223
개포1동,강남구,0,20223
개포4동,강남구,0,20223
거여2동,송파구,0,20223
고덕1동,강동구,0,20223
고덕2동,강동구,0,20223
고척1동,구로구,0,20223
고척2동,구로구,0,20223
교남동,종로구,0,20223
구로1동,구로구,0,20223
구로4동,구로구,0,20223
구산동,은평구,0,20223
군자동,광진구,0,20223
금호2.3가동,성동구,0,20223
길음2동,성북구,0,20223
낙성대동,관악구,0,20223
난곡동,관악구,0,20223
난향동,관악구,0,20223
남가좌2동,서대문구,0,20223
노량진2동,동작구,0,20223
다산동,중구,0,20223
답십리1동,동대문구,0,20223
답십리2동,동대문구,0,20223
대림1동,영등포구,0,20223
대림2동,영등포구,0,20223
대치1동,강남구,0,20223
도림동,영등포구,0,20223
도봉1동,도봉구,0,20223
도화동,마포구,0,20223
독산2동,금천구,0,20223
독산3동,금천구,0,20223
독산4동,금천구,0,20223
돈암1동,성북구,0,20223
돈암2동,성북구,0,20223
동선동,성북구,0,20223
등촌2동,강서구,0,20223
마천2동,송파구,0,20223
망우3동,중랑구,0,20223
망원1동,마포구,0,20223
망원2동,마포구,0,20223
면목2동,중랑구,0,20223
면목5동,중랑구,0,20223
면목7동,중랑구,0,20223
목4동,양천구,0,20223
목5동,양천구,0,20223
무악동,종로구,0,20223
묵1동,중랑구,0,20223
문정1동,송파구,0,20223
미성동,관악구,0,20223
반포3동,서초구,0,20223
방배4동,서초구,0,20223
방배본동,서초구,0,20223
방학2동,도봉구,0,20223
방학3동,도봉구,0,20223
번2동,강북구,0,20223
번3동,강북구,0,20223
보광동,용산구,0,20223
부암동,종로구,0,20223
북가좌1동,서대문구,0,20223
북가좌2동,서대문구,0,20223
북아현동,서대문구,0,20223
불광2동,은평구,0,20223
사당1동,동작구,0,20223
사당3동,동작구,0,20223
사당5동,동작구,0,20223
삼각산동,강북구,0,20223
삼성동,관악구,0,20223
삼전동,송파구,0,20223
삼청동,종로구,0,20223
상계10동,노원구,0,20223
상계6.7동,노원구,0,20223
상계9동,노원구,0,20223
상도3동,동작구,0,20223
상도4동,동작구,0,20223
서초4동,서초구,0,20223
성내3동,강동구,0,20223
성북동,성북구,0,20223
성산1동,마포구,0,20223
성수2가1동,성동구,0,20223
성현동,관악구,0,20223
세곡동,강남구,0,20223
송정동,성동구,0,20223
송중동,강북구,0,20223
송파2동,송파구,0,20223
수유3동,강북구,0,20223
숭인1동,종로구,0,20223
시흥2동,금천구,0,20223
시흥3동,금천구,0,20223
시흥4동,금천구,0,20223
시흥5동,금천구,0,20223
신길3동,영등포구,0,20223
신길4동,영등포구,0,20223
신길5동,영등포구,0,20223
신내2동,중랑구,0,20223
신당5동,중구,0,20223
신대방1동,동작구,0,20223
신사동,강남구,0,20223
신수동,마포구,0,20223
신원동,관악구,0,20223
신월1동,양천구,0,20223
신월2동,양천구,0,20223
신월3동,양천구,0,20223
신월4동,양천구,0,20223
신월5동,양천구,0,20223
신월6동,양천구,0,20223
신월7동,양천구,0,20223
신정1동,양천구,0,20223
신정2동,양천구,0,20223
신정6동,양천구,0,20223
쌍문1동,도봉구,0,20223
쌍문2동,도봉구,0,20223
쌍문3동,도봉구,0,20223
쌍문4동,도봉구,0,20223
암사1동,강동구,0,20223
암사3동,강동구,0,20223
역삼2동,강남구,0,20223
역촌동,은평구,0,20223
연남동,마포구,0,20223
연희동,서대문구,0,20223
염리동,마포구,0,20223
염창동,강서구,0,20223
왕십리도선동,성동구,0,20223
용문동,용산구,0,20223
원효로1동,용산구,0,20223
원효로2동,용산구,0,20223
월계1동,노원구,0,20223
월곡1동,성북구,0,20223
위례동,송파구,0,20223
은천동,관악구,0,20223
응암1동,은평구,0,20223
응암2동,은평구,0,20223
응암3동,은평구,0,20223
이촌1동,용산구,0,20223
이촌2동,용산구,0,20223
이태원2동,용산구,0,20223
인수동,강북구,0,20223
일원1동,강남구,0,20223
자양1동,광진구,0,20223
자양2동,광진구,0,20223
자양3동,광진구,0,20223
잠실3동,송파구,0,20223
장안1동,동대문구,0,20223
장안2동,동대문구,0,20223
장위1동,성북구,0,20223
장위3동,성북구,0,20223
전농2동,동대문구,0,20223
정릉2동,성북구,0,20223
정릉3동,성북구,0,20223
조원동,관악구,0,20223
종암동,성북구,0,20223
중계1동,노원구,0,20223
중계4동,노원구,0,20223
중계본동,노원구,0,20223
중곡1동,광진구,0,20223
중곡2동,광진구,0,20223
중곡4동,광진구,0,20223
중림동,중구,0,20223
중앙동,관악구,0,20223
중화1동,중랑구,0,20223
창2동,도봉구,0,20223
창3동,도봉구,0,20223
창4동,도봉구,0,20223
창신1동,종로구,0,20223
창신2동,종로구,0,20223
천호2동,강동구,0,20223
천호3동,강동구,0,20223
청구동,중구,0,20223
청담동,강남구,0,20223
청량리동,동대문구,0,20223
청림동,관악구,0,20223
청운효자동,종로구,0,20223
청파동,용산구,0,20223
평창동,종로구,0,20223
풍납1동,송파구,0,20223
풍납2동,송파구,0,20223
하계1동,노원구,0,20223
합정동,마포구,0,20223
행운동,관악구,0,20223
혜화동,종로구,0,20223
홍은1동,서대문구,0,20223
홍은2동,서대문구,0,20223
홍제2동,서대문구,0,20223
홍제3동,서대문구,0,20223
화곡2동,강서구,0,20223
화곡3동,강서구,0,20223
화곡4동,강서구,0,20223
화곡6동,강서구,0,20223
화곡8동,강서구,0,20223
화곡본동,강서구,0,20223
황학동,중구,0,20223
회기동,동대문구,0,20223
후암동,용산구,0,20223
휘경2동,동대문구,0,20223
가락본동,송파구,0,20224
가리봉동,구로구,0,20224
가양2동,강서구,0,20224
가양3동,강서구,0,20224
가회동,종로구,0,20224
개봉2동,구로구,0,20224
개봉3동,구로구,0,20224
개포1동,강남구,0,20224
개포4동,강남구,0,20224
거여2동,송파구,0,20224
고덕1동,강동구,0,20224
고덕2동,강동구,0,20224
고척1동,구로구,0,20224
고척2동,구로구,0,20224
교남동,종로구,0,20224
구로1동,구로구,0,20224
구로4동,구로구,0,20224
구산동,은평구,0,20224
군자동,광진구,0,20224
금호2.3가동,성동구,0,20224
길음2동,성북구,0,20224
낙성대동,관악구,0,20224
난곡동,관악구,0,20224
난향동,관악구,0,20224
남가좌2동,서대문구,0,20224
노량진2동,동작구,0,20224
다산동,중구,0,20224
답십리1동,동대문구,0,20224
답십리2동,동대문구,0,20224
대림1동,영등포구,0,20224
대림2동,영등포구,0,20224
대치1동,강남구,0,20224
도림동,영등포구,0,20224
도봉1동,도봉구,0,20224
도화동,마포구,0,20224
독산2동,금천구,0,20224
독산3동,금천구,0,20224
독산4동,금천구,0,20224
돈암1동,성북구,0,20224
돈암2동,성북구,0,20224
동선동,성북구,0,20224
등촌2동,강서구,0,20224
마천2동,송파구,0,20224
망우3동,중랑구,0,20224
망원1동,마포구,0,20224
망원2동,마포구,0,20224
면목2동,중랑구,0,20224
면목5동,중랑구,0,20224
면목7동,중랑구,0,20224
목4동,양천구,0,20224
목5동,양천구,0,20224
무악동,종로구,0,20224
묵1동,중랑구,0,20224
문정1동,송파구,0,20224
미성동,관악구,0,20224
반포3동,서초구,0,20224
방배4동,서초구,0,20224
방배본동,서초구,0,20224
방학2동,도봉구,0,20224
방학3동,도봉구,0,20224
번2동,강북구,0,20224
번3동,강북구,0,20224
보광동,용산구,0,20224
부암동,종로구,0,20224
북가좌1동,서대문구,0,20224
북가좌2동,서대문구,0,20224
북아현동,서대문구,0,20224
불광2동,은평구,0,20224
사당1동,동작구,0,20224
사당3동,동작구,0,20224
사당5동,동작구,0,20224
삼각산동,강북구,0,20224
삼성동,관악구,0,20224
삼전동,송파구,0,20224
삼청동,종로구,0,20224
상계10동,노원구,0,20224
상계6.7동,노원구,0,20224
상계9동,노원구,0,20224
상도3동,동작구,0,20224
상도4동,동작구,0,20224
서초4동,서초구,0,20224
성내3동,강동구,0,20224
성북동,성북구,0,20224
성산1동,마포구,0,20224
성수2가1동,성동구,0,20224
성현동,관악구,0,20224
세곡동,강남구,0,20224
송정동,성동구,0,20224
송중동,강북구,0,20224
송파2동,송파구,0,20224
수유3동,강북구,0,20224
숭인1동,종로구,0,20224
시흥2동,금천구,0,20224
시흥3동,금천구,0,20224
시흥4동,금천구,0,20224
시흥5동,금천구,0,20224
신길3동,영등포구,0,20224
신길4동,영등포구,0,20224
신길5동,영등포구,0,20224
신내2동,중랑구,0,20224
신당5동,중구,0,20224
신대방1동,동작구,0,20224
신사동,강남구,0,20224
신수동,마포구,0,20224
신원동,관악구,0,20224
신월1동,양천구,0,20224
신월2동,양천구,0,20224
신월3동,양천구,0,20224
신월4동,양천구,0,20224
신월5동,양천구,0,20224
신월6동,양천구,0,20224
신월7동,양천구,0,20224
신정1동,양천구,0,20224
신정2동,양천구,0,20224
신정6동,양천구,0,20224
쌍문1동,도봉구,0,20224
쌍문2동,도봉구,0,20224
쌍문3동,도봉구,0,20224
쌍문4동,도봉구,0,20224
암사1동,강동구,0,20224
암사3동,강동구,0,20224
역삼2동,강남구,0,20224
역촌동,은평구,0,20224
연남동,마포구,0,20224
연희동,서대문구,0,20224
염리동,마포구,0,20224
염창동,강서구,0,20224
왕십리도선동,성동구,0,20224
용문동,용산구,0,20224
원효로1동,용산구,0,20224
원효로2동,용산구,0,20224
월계1동,노원구,0,20224
월곡1동,성북구,0,20224
위례동,송파구,0,20224
은천동,관악구,0,20224
응암1동,은평구,0,20224
응암2동,은평구,0,20224
응암3동,은평구,0,20224
이촌1동,용산구,0,20224
이촌2동,용산구,0,20224
이태원2동,용산구,0,20224
인수동,강북구,0,20224
일원1동,강남구,0,20224
자양1동,광진구,0,20224
자양2동,광진구,0,20224
자양3동,광진구,0,20224
잠실3동,송파구,0,20224
장안1동,동대문구,0,20224
장안2동,동대문구,0,20224
장위1동,성북구,0,20224
장위3동,성북구,0,20224
전농2동,동대문구,0,20224
정릉2동,성북구,0,20224
정릉3동,성북구,0,20224
조원동,관악구,0,20224
종암동,성북구,0,20224
중계1동,노원구,0,20224
중계4동,노원구,0,20224
중계본동,노원구,0,20224
중곡1동,광진구,0,20224
중곡2동,광진구,0,20224
중곡4동,광진구,0,20224
중림동,중구,0,20224
중앙동,관악구,0,20224
중화1동,중랑구,0,20224
창2동,도봉구,0,20224
창3동,도봉구,0,20224
창4동,도봉구,0,20224
창신1동,종로구,0,20224
창신2동,종로구,0,20224
천호2동,강동구,0,20224
천호3동,강동구,0,20224
청구동,중구,0,20224
청담동,강남구,0,20224
청량리동,동대문구,0,20224
청림동,관악구,0,20224
청운효자동,종로구,0,20224
청파동,용산구,0,20224
평창동,종로구,0,20224
풍납1동,송파구,0,20224
풍납2동,송파구,0,20224
하계1동,노원구,0,20224
합정동,마포구,0,20224
행운동,관악구,0,20224
혜화동,종로구,0,20224
홍은1동,서대문구,0,20224
홍은2동,서대문구,0,20224
홍제2동,서대문구,0,20224
홍제3동,서대문구,0,20224
화곡2동,강서구,0,20224
화곡3동,강서구,0,20224
화곡4동,강서구,0,20224
화곡6동,강서구,0,20224
화곡8동,강서구,0,20224
화곡본동,강서구,0,20224
황학동,중구,0,20224
회기동,동대문구,0,20224
후암동,용산구,0,20224
휘경2동,동대문구,0,20224
가락1동,송파구,24195,20231
가락2동,송파구,12740,20231
가산동,금천구,44853,20231
갈현1동,은평구,33102,20231
갈현2동,은평구,7351,20231
개봉1동,구로구,13065,20231
개포2동,강남구,6908,20231
거여1동,송파구,9376,20231
공덕동,마포구,32823,20231
공릉1동,노원구,25143,20231
공릉2동,노원구,10912,20231
공항동,강서구,8820,20231
광장동,광진구,13002,20231
광희동,중구,32016,20231
구로2동,구로구,3392,20231
구로3동,구로구,68045,20231
구로5동,구로구,8337,20231
구의1동,광진구,22486,20231
구의2동,광진구,14147,20231
구의3동,광진구,30729,20231
금호1가동,성동구,5864,20231
금호4가동,성동구,7566,20231
길동,강동구,7559,20231
길음1동,성북구,19942,20231
남가좌1동,서대문구,3120,20231
남영동,용산구,18606,20231
남현동,관악구,63536,20231
내곡동,서초구,2661,20231
노량진1동,동작구,34272,20231
녹번동,은평구,18033,20231
논현1동,강남구,48597,20231
논현2동,강남구,41872,20231
능동,광진구,39105,20231
당산1동,영등포구,23729,20231
당산2동,영등포구,35239,20231
대림3동,영등포구,31573,20231
대방동,동작구,22737,20231
대조동,은평구,19755,20231
대치2동,강남구,63677,20231
대치4동,강남구,56337,20231
대학동,관악구,1600,20231
대흥동,마포구,23416,20231
도곡1동,강남구,11171,20231
도곡2동,강남구,19950,20231
도봉2동,도봉구,16756,20231
독산1동,금천구,8206,20231
동화동,중구,7099,20231
둔촌1동,강동구,9197,20231
둔촌2동,강동구,10293,20231
등촌1동,강서구,6615,20231
등촌3동,강서구,20370,20231
마장동,성동구,5492,20231
마천1동,송파구,6972,20231
망우본동,중랑구,2866,20231
면목3.8동,중랑구,15248,20231
면목4동,중랑구,5529,20231
면목본동,중랑구,14430,20231
명동,중구,68375,20231
명일1동,강동구,8328,20231
명일2동,강동구,9111,20231
목1동,양천구,35766,20231
목2동,양천구,20516,20231
목3동,양천구,10686,20231
묵2동,중랑구,9630,20231
문래동,영등포구,20023,20231
문정2동,송파구,27375,20231
미아동,강북구,14130,20231
반포1동,서초구,9239,20231
반포2동,서초구,3447,20231
반포4동,서초구,77775,20231
반포본동,서초구,956,20231
발산1동,강서구,13480,20231
방배1동,서초구,13291,20231
방배2동,서초구,1286,20231
방배3동,서초구,15725,20231
방이1동,송파구,6878,20231
방이2동,송파구,5215,20231
방학1동,도봉구,5508,20231
방화1동,강서구,11810,20231
방화2동,강서구,29903,20231
번1동,강북구,32299,20231
보라매동,관악구,2651,20231
보문동,성북구,8010,20231
불광1동,은평구,2540,20231
사근동,성동구,11689,20231
사당2동,동작구,35975,20231
사당4동,동작구,10637,20231
사직동,종로구,51098,20231
삼선동,성북구,34091,20231
삼성1동,강남구,35972,20231
삼성2동,강남구,19853,20231
삼양동,강북구,5950,20231
상계1동,노원구,11997,20231
상계2동,노원구,37225,20231
상계3.4동,노원구,8701,20231
상계5동,노원구,17874,20231
상계8동,노원구,12219,20231
상도1동,동작구,23401,20231
상도2동,동작구,8538,20231
상봉1동,중랑구,3427,20231
상봉2동,중랑구,19217,20231
상암동,마포구,22992,20231
서강동,마포구,17827,20231
서교동,마포구,130955,20231
서림동,관악구,5756,20231
서빙고동,용산구,1182,20231
서원동,관악구,56259,20231
서초1동,서초구,43619,20231
서초2동,서초구,82404,20231
서초3동,서초구,49378,20231
석관동,성북구,16899,20231
석촌동,송파구,13747,20231
성내1동,강동구,9696,20231
성내2동,강동구,49285,20231
성산2동,마포구,17937,20231
성수1가1동,성동구,6824,20231
성수1가2동,성동구,21058,20231
성수2가3동,성동구,36416,20231
소공동,중구,45834,20231
송천동,강북구,25471,20231
송파1동,송파구,8709,20231
수궁동,구로구,12878,20231
수색동,은평구,870,20231
수서동,강남구,23930,20231
수유1동,강북구,1826,20231
수유2동,강북구,2278,20231
숭인2동,종로구,17320,20231
시흥1동,금천구,5989,20231
신길1동,영등포구,9592,20231
신길6동,영등포구,10711,20231
신길7동,영등포구,9247,20231
신내1동,중랑구,8192,20231
신당동,중구,21228,20231
신대방2동,동작구,4814,20231
신도림동,구로구,49968,20231
신림동,관악구,604,20231
신사1동,은평구,16518,20231
신사2동,은평구,11876,20231
신사동,관악구,24174,20231
신정3동,양천구,9737,20231
신정4동,양천구,12560,20231
신정7동,양천구,6518,20231
신촌동,서대문구,36125,20231
아현동,마포구,16191,20231
안암동,성북구,11385,20231
암사2동,강동구,17597,20231
압구정동,강남구,42905,20231
약수동,중구,17525,20231
양재1동,서초구,36691,20231
양재2동,서초구,5958,20231
양평1동,영등포구,6755,20231
양평2동,영등포구,7771,20231
여의동,영등포구,84900,20231
역삼1동,강남구,89940,20231
영등포동,영등포구,10248,20231
영등포본동,영등포구,19621,20231
오금동,송파구,9117,20231
오류1동,구로구,6113,20231
오륜동,송파구,14823,20231
옥수동,성동구,8487,20231
왕십리2동,성동구,13339,20231
용강동,마포구,13136,20231
용답동,성동구,33770,20231
용산2가동,용산구,4671,20231
용신동,동대문구,36621,20231
우이동,강북구,4987,20231
우장산동,강서구,19627,20231
월계2동,노원구,4111,20231
월계3동,노원구,5090,20231
월곡2동,성북구,17154,20231
을지로동,중구,50304,20231
응봉동,성동구,972,20231
이문1동,동대문구,5511,20231
이문2동,동대문구,5528,20231
이태원1동,용산구,10387,20231
이화동,종로구,34431,20231
인헌동,관악구,26218,20231
일원본동,강남구,9770,20231
자양4동,광진구,8594,20231
잠실2동,송파구,21299,20231
잠실4동,송파구,19538,20231
잠실6동,송파구,89173,20231
잠실7동,송파구,11924,20231
잠실본동,송파구,6905,20231
잠원동,서초구,4547,20231
장위2동,성북구,9113,20231
장지동,송파구,16309,20231
장충동,중구,8746,20231
전농1동,동대문구,28321,20231
정릉1동,성북구,3099,20231
정릉4동,성북구,4343,20231
제기동,동대문구,8022,20231
종로1.2.3.4가동,종로구,108558,20231
종로5.6가동,종로구,52352,20231
중계2.3동,노원구,13450,20231
중곡3동,광진구,10033,20231
중화2동,중랑구,12941,20231
증산동,은평구,9422,20231
진관동,은평구,19802,20231
창1동,도봉구,30120,20231
창5동,도봉구,23869,20231
창신3동,종로구,3253,20231
천연동,서대문구,6959,20231
천호1동,강동구,9095,20231
청룡동,관악구,67465,20231
충현동,서대문구,30611,20231
필동,중구,24963,20231
하계2동,노원구,16768,20231
한강로동,용산구,61886,20231
한남동,용산구,10995,20231
행당1동,성동구,28536,20231
행당2동,성동구,7539,20231
홍제1동,서대문구,20767,20231
화곡1동,강서구,53962,20231
화양동,광진구,48621,20231
회현동,중구,97834,20231
효창동,용산구,8497,20231
휘경1동,동대문구,16942,20231
흑석동,동작구,8303,20231
가락1동,송파구,24625,20232
가락2동,송파구,13136,20232
가산동,금천구,44787,20232
갈현1동,은평구,34252,20232
갈현2동,은평구,7687,20232
개봉1동,구로구,13546,20232
개포2동,강남구,7983,20232
거여1동,송파구,9808,20232
공덕동,마포구,33841,20232
공릉1동,노원구,27877,20232
공릉2동,노원구,11981,20232
공항동,강서구,9104,20232
광장동,광진구,13693,20232
광희동,중구,35017,20232
구로2동,구로구,4302,20232
구로3동,구로구,68317,20232
구로5동,구로구,8641,20232
구의1동,광진구,22926,20232
구의2동,광진구,15062,20232
구의3동,광진구,31337,20232
금호1가동,성동구,6127,20232
금호4가동,성동구,7844,20232
길동,강동구,7817,20232
길음1동,성북구,21312,20232
남가좌1동,서대문구,3242,20232
남영동,용산구,20309,20232
남현동,관악구,65107,20232
내곡동,서초구,3010,20232
노량진1동,동작구,35669,20232
녹번동,은평구,18908,20232
논현1동,강남구,47494,20232
논현2동,강남구,41592,20232
능동,광진구,43001,20232
당산1동,영등포구,24068,20232
당산2동,영등포구,36755,20232
대림3동,영등포구,32872,20232
대방동,동작구,23531,20232
대조동,은평구,20726,20232
대치2동,강남구,65529,20232
대치4동,강남구,56494,20232
대학동,관악구,1958,20232
대흥동,마포구,26539,20232
도곡1동,강남구,11378,20232
도곡2동,강남구,20131,20232
도봉2동,도봉구,18151,20232
독산1동,금천구,8371,20232
동화동,중구,7412,20232
둔촌1동,강동구,9612,20232
둔촌2동,강동구,10715,20232
등촌1동,강서구,6912,20232
등촌3동,강서구,20952,20232
마장동,성동구,5674,20232
마천1동,송파구,7306,20232
망우본동,중랑구,3109,20232
면목3.8동,중랑구,15881,20232
면목4동,중랑구,5789,20232
면목본동,중랑구,15297,20232
명동,중구,75002,20232
명일1동,강동구,8690,20232
명일2동,강동구,9570,20232
목1동,양천구,36706,20232
목2동,양천구,21185,20232
목3동,양천구,11030,20232
묵2동,중랑구,10152,20232
문래동,영등포구,20199,20232
문정2동,송파구,27810,20232
미아동,강북구,14989,20232
반포1동,서초구,9799,20232
반포2동,서초구,4005,20232
반포4동,서초구,82808,20232
반포본동,서초구,1024,20232
발산1동,강서구,14229,20232
방배1동,서초구,13580,20232
방배2동,서초구,1346,20232
방배3동,서초구,17161,20232
방이1동,송파구,7022,20232
방이2동,송파구,5159,20232
방학1동,도봉구,5736,20232
방화1동,강서구,12105,20232
방화2동,강서구,31839,20232
번1동,강북구,33640,20232
보라매동,관악구,2769,20232
보문동,성북구,8525,20232
불광1동,은평구,2653,20232
사근동,성동구,14816,20232
사당2동,동작구,37926,20232
사당4동,동작구,11175,20232
사직동,종로구,55617,20232
삼선동,성북구,37379,20232
삼성1동,강남구,37908,20232
삼성2동,강남구,20236,20232
삼양동,강북구,6085,20232
상계1동,노원구,12565,20232
상계2동,노원구,38277,20232
상계3.4동,노원구,9280,20232
상계5동,노원구,18928,20232
상계8동,노원구,12680,20232
상도1동,동작구,26478,20232
상도2동,동작구,8815,20232
상봉1동,중랑구,3636,20232
상봉2동,중랑구,19818,20232
상암동,마포구,23544,20232
서강동,마포구,18992,20232
서교동,마포구,134625,20232
서림동,관악구,6272,20232
서빙고동,용산구,1355,20232
서원동,관악구,57391,20232
서초1동,서초구,44178,20232
서초2동,서초구,80845,20232
서초3동,서초구,49029,20232
석관동,성북구,17671,20232
석촌동,송파구,14053,20232
성내1동,강동구,9845,20232
성내2동,강동구,50285,20232
성산2동,마포구,19826,20232
성수1가1동,성동구,8254,20232
성수1가2동,성동구,22754,20232
성수2가3동,성동구,36625,20232
소공동,중구,48335,20232
송천동,강북구,26259,20232
송파1동,송파구,9104,20232
수궁동,구로구,13836,20232
수색동,은평구,923,20232
수서동,강남구,24785,20232
수유1동,강북구,1880,20232
수유2동,강북구,2338,20232
숭인2동,종로구,18464,20232
시흥1동,금천구,6214,20232
신길1동,영등포구,10153,20232
신길6동,영등포구,11050,20232
신길7동,영등포구,9676,20232
신내1동,중랑구,8452,20232
신당동,중구,22737,20232
신대방2동,동작구,5105,20232
신도림동,구로구,51017,20232
신림동,관악구,626,20232
신사1동,은평구,17114,20232
신사2동,은평구,12520,20232
신사동,관악구,25209,20232
신정3동,양천구,10003,20232
신정4동,양천구,12954,20232
신정7동,양천구,6757,20232
신촌동,서대문구,38482,20232
아현동,마포구,17069,20232
안암동,성북구,13256,20232
암사2동,강동구,17971,20232
압구정동,강남구,43254,20232
약수동,중구,18496,20232
양재1동,서초구,37108,20232
양재2동,서초구,6241,20232
양평1동,영등포구,6792,20232
양평2동,영등포구,8099,20232
여의동,영등포구,89954,20232
역삼1동,강남구,89292,20232
영등포동,영등포구,10580,20232
영등포본동,영등포구,20307,20232
오금동,송파구,9634,20232
오류1동,구로구,6409,20232
오륜동,송파구,17318,20232
옥수동,성동구,8874,20232
왕십리2동,성동구,13838,20232
용강동,마포구,13472,20232
용답동,성동구,34433,20232
용산2가동,용산구,5227,20232
용신동,동대문구,37457,20232
우이동,강북구,5681,20232
우장산동,강서구,20187,20232
월계2동,노원구,4597,20232
월계3동,노원구,5555,20232
월곡2동,성북구,18489,20232
을지로동,중구,52623,20232
응봉동,성동구,1013,20232
이문1동,동대문구,6392,20232
이문2동,동대문구,5691,20232
이태원1동,용산구,11980,20232
이화동,종로구,35674,20232
인헌동,관악구,27041,20232
일원본동,강남구,10219,20232
자양4동,광진구,11032,20232
잠실2동,송파구,22505,20232
잠실4동,송파구,20731,20232
잠실6동,송파구,91274,20232
잠실7동,송파구,20538,20232
잠실본동,송파구,6926,20232
잠원동,서초구,4876,20232
장위2동,성북구,9748,20232
장지동,송파구,16597,20232
장충동,중구,10693,20232
전농1동,동대문구,29591,20232
정릉1동,성북구,3306,20232
정릉4동,성북구,4579,20232
제기동,동대문구,8942,20232
종로1.2.3.4가동,종로구,112843,20232
종로5.6가동,종로구,55932,20232
중계2.3동,노원구,14442,20232
중곡3동,광진구,10414,20232
중화2동,중랑구,13662,20232
증산동,은평구,9793,20232
진관동,은평구,20946,20232
창1동,도봉구,31118,20232
창5동,도봉구,24763,20232
창신3동,종로구,3507,20232
천연동,서대문구,7449,20232
천호1동,강동구,9293,20232
청룡동,관악구,69017,20232
충현동,서대문구,31708,20232
필동,중구,28223,20232
하계2동,노원구,17789,20232
한강로동,용산구,63779,20232
한남동,용산구,11843,20232
행당1동,성동구,29433,20232
행당2동,성동구,7855,20232
홍제1동,서대문구,22109,20232
화곡1동,강서구,55662,20232
화양동,광진구,50624,20232
회현동,중구,104805,20232
효창동,용산구,9229,20232
휘경1동,동대문구,18750,20232
흑석동,동작구,9625,20232
가락1동,송파구,23960,20233
가락2동,송파구,12630,20233
가산동,금천구,43526,20233
갈현1동,은평구,32439,20233
갈현2동,은평구,7329,20233
개봉1동,구로구,12636,20233
개포2동,강남구,7858,20233
거여1동,송파구,9224,20233
공덕동,마포구,32440,20233
공릉1동,노원구,24372,20233
공릉2동,노원구,10555,20233
공항동,강서구,8810,20233
광장동,광진구,12684,20233
광희동,중구,34329,20233
구로2동,구로구,4095,20233
구로3동,구로구,65560,20233
구로5동,구로구,8119,20233
구의1동,광진구,22254,20233
구의2동,광진구,13567,20233
구의3동,광진구,29912,20233
금호1가동,성동구,5828,20233
금호4가동,성동구,7433,20233
길동,강동구,7568,20233
길음1동,성북구,19459,20233
남가좌1동,서대문구,2994,20233
남영동,용산구,18571,20233
남현동,관악구,61132,20233
내곡동,서초구,2572,20233
노량진1동,동작구,33663,20233
녹번동,은평구,18113,20233
논현1동,강남구,45982,20233
논현2동,강남구,40266,20233
능동,광진구,38136,20233
당산1동,영등포구,23047,20233
당산2동,영등포구,34384,20233
대림3동,영등포구,31142,20233
대방동,동작구,22315,20233
대조동,은평구,19844,20233
대치2동,강남구,65624,20233
대치4동,강남구,56042,20233
대학동,관악구,1877,20233
대흥동,마포구,23321,20233
도곡1동,강남구,11003,20233
도곡2동,강남구,19857,20233
도봉2동,도봉구,16609,20233
독산1동,금천구,7970,20233
동화동,중구,7105,20233
둔촌1동,강동구,9106,20233
둔촌2동,강동구,10646,20233
등촌1동,강서구,6908,20233
등촌3동,강서구,20277,20233
마장동,성동구,5385,20233
마천1동,송파구,6796,20233
망우본동,중랑구,2915,20233
면목3.8동,중랑구,14881,20233
면목4동,중랑구,5424,20233
면목본동,중랑구,13919,20233
명동,중구,74213,20233
명일1동,강동구,8210,20233
명일2동,강동구,9224,20233
목1동,양천구,35136,20233
목2동,양천구,20141,20233
목3동,양천구,10791,20233
묵2동,중랑구,9500,20233
문래동,영등포구,19662,20233
문정2동,송파구,26525,20233
미아동,강북구,14129,20233
반포1동,서초구,9409,20233
반포2동,서초구,3574,20233
반포4동,서초구,79299,20233
반포본동,서초구,957,20233
발산1동,강서구,13530,20233
방배1동,서초구,12949,20233
방배2동,서초구,1320,20233
방배3동,서초구,14748,20233
방이1동,송파구,6786,20233
방이2동,송파구,5077,20233
방학1동,도봉구,5335,20233
방화1동,강서구,11643,20233
방화2동,강서구,32441,20233
번1동,강북구,31747,20233
보라매동,관악구,2793,20233
보문동,성북구,7972,20233
불광1동,은평구,2597,20233
사근동,성동구,11446,20233
사당2동,동작구,35346,20233
사당4동,동작구,10584,20233
사직동,종로구,52296,20233
삼선동,성북구,33892,20233
삼성1동,강남구,37432,20233
삼성2동,강남구,19833,20233
삼양동,강북구,5796,20233
상계1동,노원구,11842,20233
상계2동,노원구,36705,20233
상계3.4동,노원구,9018,20233
상계5동,노원구,17937,20233
상계8동,노원구,12014,20233
상도1동,동작구,22880,20233
상도2동,동작구,8543,20233
상봉1동,중랑구,3372,20233
상봉2동,중랑구,18884,20233
상암동,마포구,22698,20233
서강동,마포구,18179,20233
서교동,마포구,130701,20233
서림동,관악구,6057,20233
서빙고동,용산구,1240,20233
서원동,관악구,53325,20233
서초1동,서초구,41970,20233
서초2동,서초구,80611,20233
서초3동,서초구,46927,20233
석관동,성북구,16275,20233
석촌동,송파구,13639,20233
성내1동,강동구,9396,20233
성내2동,강동구,48465,20233
성산2동,마포구,19179,20233
성수1가1동,성동구,7139,20233
성수1가2동,성동구,21416,20233
성수2가3동,성동구,35722,20233
소공동,중구,46700,20233
송천동,강북구,24857,20233
송파1동,송파구,8658,20233
수궁동,구로구,12486,20233
수색동,은평구,1006,20233
수서동,강남구,23820,20233
수유1동,강북구,1759,20233
수유2동,강북구,2226,20233
숭인2동,종로구,16930,20233
시흥1동,금천구,5576,20233
신길1동,영등포구,9576,20233
신길6동,영등포구,10445,20233
신길7동,영등포구,9114,20233
신내1동,중랑구,8062,20233
신당동,중구,21763,20233
신대방2동,동작구,5252,20233
신도림동,구로구,48689,20233
신림동,관악구,617,20233
신사1동,은평구,16202,20233
신사2동,은평구,11659,20233
신사동,관악구,23880,20233
신정3동,양천구,9393,20233
신정4동,양천구,12270,20233
신정7동,양천구,6225,20233
신촌동,서대문구,36207,20233
아현동,마포구,16196,20233
안암동,성북구,10932,20233
암사2동,강동구,17104,20233
압구정동,강남구,41858,20233
약수동,중구,17641,20233
양재1동,서초구,35076,20233
양재2동,서초구,5904,20233
양평1동,영등포구,6603,20233
양평2동,영등포구,7812,20233
여의동,영등포구,87357,20233
역삼1동,강남구,88938,20233
영등포동,영등포구,10202,20233
영등포본동,영등포구,19403,20233
오금동,송파구,9234,20233
오류1동,구로구,5939,20233
오륜동,송파구,16045,20233
옥수동,성동구,8334,20233
왕십리2동,성동구,13240,20233
용강동,마포구,13052,20233
용답동,성동구,32848,20233
용산2가동,용산구,4887,20233
용신동,동대문구,35728,20233
우이동,강북구,4965,20233
우장산동,강서구,19736,20233
월계2동,노원구,3957,20233
월계3동,노원구,5016,20233
월곡2동,성북구,16815,20233
을지로동,중구,51371,20233
응봉동,성동구,910,20233
이문1동,동대문구,5519,20233
이문2동,동대문구,5367,20233
이태원1동,용산구,11536,20233
이화동,종로구,34001,20233
인헌동,관악구,25821,20233
일원본동,강남구,9859,20233
자양4동,광진구,9222,20233
잠실2동,송파구,21637,20233
잠실4동,송파구,19638,20233
잠실6동,송파구,88766,20233
잠실7동,송파구,17182,20233
잠실본동,송파구,6885,20233
잠원동,서초구,4621,20233
장위2동,성북구,9271,20233
장지동,송파구,15779,20233
장충동,중구,9064,20233
전농1동,동대문구,28586,20233
정릉1동,성북구,3031,20233
정릉4동,성북구,4148,20233
제기동,동대문구,7965,20233
종로1.2.3.4가동,종로구,107355,20233
종로5.6가동,종로구,52746,20233
중계2.3동,노원구,13473,20233
중곡3동,광진구,9901,20233
중화2동,중랑구,12723,20233
증산동,은평구,9193,20233
진관동,은평구,20254,20233
창1동,도봉구,29507,20233
창5동,도봉구,23647,20233
창신3동,종로구,3209,20233
천연동,서대문구,6964,20233
천호1동,강동구,9036,20233
청룡동,관악구,65213,20233
충현동,서대문구,30472,20233
필동,중구,26190,20233
하계2동,노원구,16506,20233
한강로동,용산구,63546,20233
한남동,용산구,10871,20233
행당1동,성동구,27823,20233
행당2동,성동구,7480,20233
홍제1동,서대문구,20666,20233
화곡1동,강서구,52408,20233
화양동,광진구,46879,20233
회현동,중구,100218,20233
효창동,용산구,8508,20233
휘경1동,동대문구,16398,20233
흑석동,동작구,8177,20233
가락1동,송파구,25585,20234
가락2동,송파구,13135,20234
가산동,금천구,44552,20234
갈현1동,은평구,33663,20234
갈현2동,은평구,7655,20234
개봉1동,구로구,13116,20234
개포2동,강남구,8495,20234
거여1동,송파구,9675,20234
공덕동,마포구,34186,20234
공릉1동,노원구,26351,20234
공릉2동,노원구,11818,20234
공항동,강서구,9106,20234
광장동,광진구,13706,20234
광희동,중구,35961,20234
구로2동,구로구,3820,20234
구로3동,구로구,67086,20234
구로5동,구로구,8483,20234
구의1동,광진구,23431,20234
구의2동,광진구,14558,20234
구의3동,광진구,31270,20234
금호1가동,성동구,6149,20234
금호4가동,성동구,7804,20234
길동,강동구,7792,20234
길음1동,성북구,21113,20234
남가좌1동,서대문구,3223,20234
남영동,용산구,20123,20234
남현동,관악구,65526,20234
내곡동,서초구,2809,20234
노량진1동,동작구,36857,20234
녹번동,은평구,18710,20234
논현1동,강남구,47893,20234
논현2동,강남구,41451,20234
능동,광진구,41688,20234
당산1동,영등포구,24226,20234
당산2동,영등포구,35571,20234
대림3동,영등포구,32588,20234
대방동,동작구,23066,20234
대조동,은평구,20578,20234
대치2동,강남구,66240,20234
대치4동,강남구,56535,20234
대학동,관악구,1740,20234
대흥동,마포구,25893,20234
도곡1동,강남구,11485,20234
도곡2동,강남구,20160,20234
도봉2동,도봉구,17691,20234
독산1동,금천구,8248,20234
동화동,중구,7358,20234
둔촌1동,강동구,9647,20234
둔촌2동,강동구,10969,20234
등촌1동,강서구,7121,20234
등촌3동,강서구,21225,20234
마장동,성동구,5702,20234
마천1동,송파구,7253,20234
망우본동,중랑구,3017,20234
면목3.8동,중랑구,15621,20234
면목4동,중랑구,5671,20234
면목본동,중랑구,14806,20234
명동,중구,81692,20234
명일1동,강동구,8711,20234
명일2동,강동구,9920,20234
목1동,양천구,36321,20234
목2동,양천구,21114,20234
목3동,양천구,11215,20234
묵2동,중랑구,9865,20234
문래동,영등포구,20591,20234
문정2동,송파구,27962,20234
미아동,강북구,15019,20234
반포1동,서초구,9858,20234
반포2동,서초구,3958,20234
반포4동,서초구,83593,20234
반포본동,서초구,1020,20234
발산1동,강서구,14043,20234
방배1동,서초구,13445,20234
방배2동,서초구,1347,20234
방배3동,서초구,16411,20234
방이1동,송파구,7133,20234
방이2동,송파구,5381,20234
방학1동,도봉구,5643,20234
방화1동,강서구,12259,20234
방화2동,강서구,33677,20234
번1동,강북구,33263,20234
보라매동,관악구,2850,20234
보문동,성북구,8437,20234
불광1동,은평구,2660,20234
사근동,성동구,14277,20234
사당2동,동작구,37006,20234
사당4동,동작구,11052,20234
사직동,종로구,58799,20234
삼선동,성북구,37114,20234
삼성1동,강남구,38168,20234
삼성2동,강남구,20105,20234
삼양동,강북구,6137,20234
상계1동,노원구,12200,20234
상계2동,노원구,40428,20234
상계3.4동,노원구,9402,20234
상계5동,노원구,18861,20234
상계8동,노원구,12517,20234
상도1동,동작구,25771,20234
상도2동,동작구,8854,20234
상봉1동,중랑구,3521,20234
상봉2동,중랑구,19774,20234
상암동,마포구,23535,20234
서강동,마포구,19162,20234
서교동,마포구,138315,20234
서림동,관악구,6464,20234
서빙고동,용산구,1306,20234
서원동,관악구,54791,20234
서초1동,서초구,43513,20234
서초2동,서초구,79953,20234
서초3동,서초구,49374,20234
석관동,성북구,17287,20234
석촌동,송파구,14374,20234
성내1동,강동구,9894,20234
성내2동,강동구,50835,20234
성산2동,마포구,21014,20234
성수1가1동,성동구,7533,20234
성수1가2동,성동구,23204,20234
성수2가3동,성동구,39195,20234
소공동,중구,50620,20234
송천동,강북구,26170,20234
송파1동,송파구,9135,20234
수궁동,구로구,13221,20234
수색동,은평구,1304,20234
수서동,강남구,25164,20234
수유1동,강북구,1849,20234
수유2동,강북구,2325,20234
숭인2동,종로구,18403,20234
시흥1동,금천구,5945,20234
신길1동,영등포구,10149,20234
신길6동,영등포구,10739,20234
신길7동,영등포구,9688,20234
신내1동,중랑구,8447,20234
신당동,중구,22742,20234
신대방2동,동작구,5353,20234
신도림동,구로구,51048,20234
신림동,관악구,638,20234
신사1동,은평구,17017,20234
신사2동,은평구,12386,20234
신사동,관악구,24597,20234
신정3동,양천구,9872,20234
신정4동,양천구,12802,20234
신정7동,양천구,6561,20234
신촌동,서대문구,38148,20234
아현동,마포구,16789,20234
안암동,성북구,12856,20234
암사2동,강동구,17634,20234
압구정동,강남구,42832,20234
약수동,중구,18392,20234
양재1동,서초구,37159,20234
양재2동,서초구,6381,20234
양평1동,영등포구,6913,20234
양평2동,영등포구,8104,20234
여의동,영등포구,89901,20234
역삼1동,강남구,89643,20234
영등포동,영등포구,10864,20234
영등포본동,영등포구,20515,20234
오금동,송파구,9640,20234
오류1동,구로구,6176,20234
오류2동,구로구,11098,20234
오륜동,송파구,18123,20234
옥수동,성동구,8656,20234
왕십리2동,성동구,13738,20234
용강동,마포구,13888,20234
용답동,성동구,34551,20234
용산2가동,용산구,5249,20234
용신동,동대문구,36836,20234
우이동,강북구,5528,20234
우장산동,강서구,21161,20234
월계2동,노원구,4416,20234
월계3동,노원구,5522,20234
월곡2동,성북구,18259,20234
을지로동,중구,53523,20234
응봉동,성동구,967,20234
이문1동,동대문구,6457,20234
이문2동,동대문구,5621,20234
이태원1동,용산구,12346,20234
이화동,종로구,37980,20234
인헌동,관악구,26535,20234
일원본동,강남구,10413,20234
자양4동,광진구,9215,20234
잠실2동,송파구,22586,20234
잠실4동,송파구,20847,20234
잠실6동,송파구,96314,20234
잠실7동,송파구,15669,20234
잠실본동,송파구,7241,20234
잠원동,서초구,4881,20234
장위2동,성북구,9861,20234
장지동,송파구,16517,20234
장충동,중구,11032,20234
전농1동,동대문구,31076,20234
정릉1동,성북구,3353,20234
정릉4동,성북구,4563,20234
제기동,동대문구,8874,20234
종로1.2.3.4가동,종로구,114298,20234
종로5.6가동,종로구,55571,20234
중계2.3동,노원구,14192,20234
중곡3동,광진구,10528,20234
중화2동,중랑구,13111,20234
증산동,은평구,9635,20234
진관동,은평구,20863,20234
창1동,도봉구,30885,20234
창5동,도봉구,25029,20234
창신3동,종로구,3413,20234
천연동,서대문구,7510,20234
천호1동,강동구,9375,20234
청룡동,관악구,67223,20234
충현동,서대문구,32082,20234
필동,중구,28923,20234
하계2동,노원구,17687,20234
한강로동,용산구,65594,20234
한남동,용산구,11617,20234
행당1동,성동구,29332,20234
행당2동,성동구,7815,20234
홍제1동,서대문구,22043,20234
화곡1동,강서구,54520,20234
화양동,광진구,49958,20234
회현동,중구,108363,20234
효창동,용산구,9215,20234
휘경1동,동대문구,18265,20234
흑석동,동작구,9416,20234
가락본동,송파구,0,20231
가리봉동,구로구,0,20231
가양2동,강서구,0,20231
가양3동,강서구,0,20231
가회동,종로구,0,20231
개봉2동,구로구,0,20231
개봉3동,구로구,0,20231
개포1동,강남구,0,20231
개포4동,강남구,0,20231
거여2동,송파구,0,20231
고덕1동,강동구,0,20231
고덕2동,강동구,0,20231
고척1동,구로구,0,20231
고척2동,구로구,0,20231
교남동,종로구,0,20231
구로1동,구로구,0,20231
구로4동,구로구,0,20231
구산동,은평구,0,20231
군자동,광진구,0,20231
금호2.3가동,성동구,0,20231
길음2동,성북구,0,20231
낙성대동,관악구,0,20231
난곡동,관악구,0,20231
난향동,관악구,0,20231
남가좌2동,서대문구,0,20231
노량진2동,동작구,0,20231
다산동,중구,0,20231
답십리1동,동대문구,0,20231
답십리2동,동대문구,0,20231
대림1동,영등포구,0,20231
대림2동,영등포구,0,20231
대치1동,강남구,0,20231
도림동,영등포구,0,20231
도봉1동,도봉구,0,20231
도화동,마포구,0,20231
독산2동,금천구,0,20231
독산3동,금천구,0,20231
독산4동,금천구,0,20231
돈암1동,성북구,0,20231
돈암2동,성북구,0,20231
동선동,성북구,0,20231
등촌2동,강서구,0,20231
마천2동,송파구,0,20231
망우3동,중랑구,0,20231
망원1동,마포구,0,20231
망원2동,마포구,0,20231
면목2동,중랑구,0,20231
면목5동,중랑구,0,20231
면목7동,중랑구,0,20231
목4동,양천구,0,20231
목5동,양천구,0,20231
무악동,종로구,0,20231
묵1동,중랑구,0,20231
문정1동,송파구,0,20231
미성동,관악구,0,20231
반포3동,서초구,0,20231
방배4동,서초구,0,20231
방배본동,서초구,0,20231
방학2동,도봉구,0,20231
방학3동,도봉구,0,20231
번2동,강북구,0,20231
번3동,강북구,0,20231
보광동,용산구,0,20231
부암동,종로구,0,20231
북가좌1동,서대문구,0,20231
북가좌2동,서대문구,0,20231
북아현동,서대문구,0,20231
불광2동,은평구,0,20231
사당1동,동작구,0,20231
사당3동,동작구,0,20231
사당5동,동작구,0,20231
삼각산동,강북구,0,20231
삼성동,관악구,0,20231
삼전동,송파구,0,20231
삼청동,종로구,0,20231
상계10동,노원구,0,20231
상계6.7동,노원구,0,20231
상계9동,노원구,0,20231
상도3동,동작구,0,20231
상도4동,동작구,0,20231
서초4동,서초구,0,20231
성내3동,강동구,0,20231
성북동,성북구,0,20231
성산1동,마포구,0,20231
성수2가1동,성동구,0,20231
성현동,관악구,0,20231
세곡동,강남구,0,20231
송정동,성동구,0,20231
송중동,강북구,0,20231
송파2동,송파구,0,20231
수유3동,강북구,0,20231
숭인1동,종로구,0,20231
시흥2동,금천구,0,20231
시흥3동,금천구,0,20231
시흥4동,금천구,0,20231
시흥5동,금천구,0,20231
신길3동,영등포구,0,20231
신길4동,영등포구,0,20231
신길5동,영등포구,0,20231
신내2동,중랑구,0,20231
신당5동,중구,0,20231
신대방1동,동작구,0,20231
신사동,강남구,0,20231
신수동,마포구,0,20231
신원동,관악구,0,20231
신월1동,양천구,0,20231
신월2동,양천구,0,20231
신월3동,양천구,0,20231
신월4동,양천구,0,20231
신월5동,양천구,0,20231
신월6동,양천구,0,20231
신월7동,양천구,0,20231
신정1동,양천구,0,20231
신정2동,양천구,0,20231
신정6동,양천구,0,20231
쌍문1동,도봉구,0,20231
쌍문2동,도봉구,0,20231
쌍문3동,도봉구,0,20231
쌍문4동,도봉구,0,20231
암사1동,강동구,0,20231
암사3동,강동구,0,20231
역삼2동,강남구,0,20231
역촌동,은평구,0,20231
연남동,마포구,0,20231
연희동,서대문구,0,20231
염리동,마포구,0,20231
염창동,강서구,0,20231
왕십리도선동,성동구,0,20231
용문동,용산구,0,20231
원효로1동,용산구,0,20231
원효로2동,용산구,0,20231
월계1동,노원구,0,20231
월곡1동,성북구,0,20231
위례동,송파구,0,20231
은천동,관악구,0,20231
응암1동,은평구,0,20231
응암2동,은평구,0,20231
응암3동,은평구,0,20231
이촌1동,용산구,0,20231
이촌2동,용산구,0,20231
이태원2동,용산구,0,20231
인수동,강북구,0,20231
일원1동,강남구,0,20231
자양1동,광진구,0,20231
자양2동,광진구,0,20231
자양3동,광진구,0,20231
잠실3동,송파구,0,20231
장안1동,동대문구,0,20231
장안2동,동대문구,0,20231
장위1동,성북구,0,20231
장위3동,성북구,0,20231
전농2동,동대문구,0,20231
정릉2동,성북구,0,20231
정릉3동,성북구,0,20231
조원동,관악구,0,20231
종암동,성북구,0,20231
중계1동,노원구,0,20231
중계4동,노원구,0,20231
중계본동,노원구,0,20231
중곡1동,광진구,0,20231
중곡2동,광진구,0,20231
중곡4동,광진구,0,20231
중림동,중구,0,20231
중앙동,관악구,0,20231
중화1동,중랑구,0,20231
창2동,도봉구,0,20231
창3동,도봉구,0,20231
창4동,도봉구,0,20231
창신1동,종로구,0,20231
창신2동,종로구,0,20231
천호2동,강동구,0,20231
천호3동,강동구,0,20231
청구동,중구,0,20231
청담동,강남구,0,20231
청량리동,동대문구,0,20231
청림동,관악구,0,20231
청운효자동,종로구,0,20231
청파동,용산구,0,20231
평창동,종로구,0,20231
풍납1동,송파구,0,20231
풍납2동,송파구,0,20231
하계1동,노원구,0,20231
합정동,마포구,0,20231
행운동,관악구,0,20231
혜화동,종로구,0,20231
홍은1동,서대문구,0,20231
홍은2동,서대문구,0,20231
홍제2동,서대문구,0,20231
홍제3동,서대문구,0,20231
화곡2동,강서구,0,20231
화곡3동,강서구,0,20231
화곡4동,강서구,0,20231
화곡6동,강서구,0,20231
화곡8동,강서구,0,20231
화곡본동,강서구,0,20231
황학동,중구,0,20231
회기동,동대문구,0,20231
후암동,용산구,0,20231
휘경2동,동대문구,0,20231
가락본동,송파구,0,20232
가리봉동,구로구,0,20232
가양2동,강서구,0,20232
가양3동,강서구,0,20232
가회동,종로구,0,20232
개봉2동,구로구,0,20232
개봉3동,구로구,0,20232
개포1동,강남구,0,20232
개포4동,강남구,0,20232
거여2동,송파구,0,20232
고덕1동,강동구,0,20232
고덕2동,강동구,0,20232
고척1동,구로구,0,20232
고척2동,구로구,0,20232
교남동,종로구,0,20232
구로1동,구로구,0,20232
구로4동,구로구,0,20232
구산동,은평구,0,20232
군자동,광진구,0,20232
금호2.3가동,성동구,0,20232
길음2동,성북구,0,20232
낙성대동,관악구,0,20232
난곡동,관악구,0,20232
난향동,관악구,0,20232
남가좌2동,서대문구,0,20232
노량진2동,동작구,0,20232
다산동,중구,0,20232
답십리1동,동대문구,0,20232
답십리2동,동대문구,0,20232
대림1동,영등포구,0,20232
대림2동,영등포구,0,20232
대치1동,강남구,0,20232
도림동,영등포구,0,20232
도봉1동,도봉구,0,20232
도화동,마포구,0,20232
독산2동,금천구,0,20232
독산3동,금천구,0,20232
독산4동,금천구,0,20232
돈암1동,성북구,0,20232
돈암2동,성북구,0,20232
동선동,성북구,0,20232
등촌2동,강서구,0,20232
마천2동,송파구,0,20232
망우3동,중랑구,0,20232
망원1동,마포구,0,20232
망원2동,마포구,0,20232
면목2동,중랑구,0,20232
면목5동,중랑구,0,20232
면목7동,중랑구,0,20232
목4동,양천구,0,20232
목5동,양천구,0,20232
무악동,종로구,0,20232
묵1동,중랑구,0,20232
문정1동,송파구,0,20232
미성동,관악구,0,20232
반포3동,서초구,0,20232
방배4동,서초구,0,20232
방배본동,서초구,0,20232
방학2동,도봉구,0,20232
방학3동,도봉구,0,20232
번2동,강북구,0,20232
번3동,강북구,0,20232
보광동,용산구,0,20232
부암동,종로구,0,20232
북가좌1동,서대문구,0,20232
북가좌2동,서대문구,0,20232
북아현동,서대문구,0,20232
불광2동,은평구,0,20232
사당1동,동작구,0,20232
사당3동,동작구,0,20232
사당5동,동작구,0,20232
삼각산동,강북구,0,20232
삼성동,관악구,0,20232
삼전동,송파구,0,20232
삼청동,종로구,0,20232
상계10동,노원구,0,20232
상계6.7동,노원구,0,20232
상계9동,노원구,0,20232
상도3동,동작구,0,20232
상도4동,동작구,0,20232
서초4동,서초구,0,20232
성내3동,강동구,0,20232
성북동,성북구,0,20232
성산1동,마포구,0,20232
성수2가1동,성동구,0,20232
성현동,관악구,0,20232
세곡동,강남구,0,20232
송정동,성동구,0,20232
송중동,강북구,0,20232
송파2동,송파구,0,20232
수유3동,강북구,0,20232
숭인1동,종로구,0,20232
시흥2동,금천구,0,20232
시흥3동,금천구,0,20232
시흥4동,금천구,0,20232
시흥5동,금천구,0,20232
신길3동,영등포구,0,20232
신길4동,영등포구,0,20232
신길5동,영등포구,0,20232
신내2동,중랑구,0,20232
신당5동,중구,0,20232
신대방1동,동작구,0,20232
신사동,강남구,0,20232
신수동,마포구,0,20232
신원동,관악구,0,20232
신월1동,양천구,0,20232
신월2동,양천구,0,20232
신월3동,양천구,0,20232
신월4동,양천구,0,20232
신월5동,양천구,0,20232
신월6동,양천구,0,20232
신월7동,양천구,0,20232
신정1동,양천구,0,20232
신정2동,양천구,0,20232
신정6동,양천구,0,20232
쌍문1동,도봉구,0,20232
쌍문2동,도봉구,0,20232
쌍문3동,도봉구,0,20232
쌍문4동,도봉구,0,20232
암사1동,강동구,0,20232
암사3동,강동구,0,20232
역삼2동,강남구,0,20232
역촌동,은평구,0,20232
연남동,마포구,0,20232
연희동,서대문구,0,20232
염리동,마포구,0,20232
염창동,강서구,0,20232
왕십리도선동,성동구,0,20232
용문동,용산구,0,20232
원효로1동,용산구,0,20232
원효로2동,용산구,0,20232
월계1동,노원구,0,20232
월곡1동,성북구,0,20232
위례동,송파구,0,20232
은천동,관악구,0,20232
응암1동,은평구,0,20232
응암2동,은평구,0,20232
응암3동,은평구,0,20232
이촌1동,용산구,0,20232
이촌2동,용산구,0,20232
이태원2동,용산구,0,20232
인수동,강북구,0,20232
일원1동,강남구,0,20232
자양1동,광진구,0,20232
자양2동,광진구,0,20232
자양3동,광진구,0,20232
잠실3동,송파구,0,20232
장안1동,동대문구,0,20232
장안2동,동대문구,0,20232
장위1동,성북구,0,20232
장위3동,성북구,0,20232
전농2동,동대문구,0,20232
정릉2동,성북구,0,20232
정릉3동,성북구,0,20232
조원동,관악구,0,20232
종암동,성북구,0,20232
중계1동,노원구,0,20232
중계4동,노원구,0,20232
중계본동,노원구,0,20232
중곡1동,광진구,0,20232
중곡2동,광진구,0,20232
중곡4동,광진구,0,20232
중림동,중구,0,20232
중앙동,관악구,0,20232
중화1동,중랑구,0,20232
창2동,도봉구,0,20232
창3동,도봉구,0,20232
창4동,도봉구,0,20232
창신1동,종로구,0,20232
창신2동,종로구,0,20232
천호2동,강동구,0,20232
천호3동,강동구,0,20232
청구동,중구,0,20232
청담동,강남구,0,20232
청량리동,동대문구,0,20232
청림동,관악구,0,20232
청운효자동,종로구,0,20232
청파동,용산구,0,20232
평창동,종로구,0,20232
풍납1동,송파구,0,20232
풍납2동,송파구,0,20232
하계1동,노원구,0,20232
합정동,마포구,0,20232
행운동,관악구,0,20232
혜화동,종로구,0,20232
홍은1동,서대문구,0,20232
홍은2동,서대문구,0,20232
홍제2동,서대문구,0,20232
홍제3동,서대문구,0,20232
화곡2동,강서구,0,20232
화곡3동,강서구,0,20232
화곡4동,강서구,0,20232
화곡6동,강서구,0,20232
화곡8동,강서구,0,20232
화곡본동,강서구,0,20232
황학동,중구,0,20232
회기동,동대문구,0,20232
후암동,용산구,0,20232
휘경2동,동대문구,0,20232
가락본동,송파구,0,20233
가리봉동,구로구,0,20233
가양2동,강서구,0,20233
가양3동,강서구,0,20233
가회동,종로구,0,20233
개봉2동,구로구,0,20233
개봉3동,구로구,0,20233
개포1동,강남구,0,20233
개포4동,강남구,0,20233
거여2동,송파구,0,20233
고덕1동,강동구,0,20233
고덕2동,강동구,0,20233
고척1동,구로구,0,20233
고척2동,구로구,0,20233
교남동,종로구,0,20233
구로1동,구로구,0,20233
구로4동,구로구,0,20233
구산동,은평구,0,20233
군자동,광진구,0,20233
금호2.3가동,성동구,0,20233
길음2동,성북구,0,20233
낙성대동,관악구,0,20233
난곡동,관악구,0,20233
난향동,관악구,0,20233
남가좌2동,서대문구,0,20233
노량진2동,동작구,0,20233
다산동,중구,0,20233
답십리1동,동대문구,0,20233
답십리2동,동대문구,0,20233
대림1동,영등포구,0,20233
대림2동,영등포구,0,20233
대치1동,강남구,0,20233
도림동,영등포구,0,20233
도봉1동,도봉구,0,20233
도화동,마포구,0,20233
독산2동,금천구,0,20233
독산3동,금천구,0,20233
독산4동,금천구,0,20233
돈암1동,성북구,0,20233
돈암2동,성북구,0,20233
동선동,성북구,0,20233
등촌2동,강서구,0,20233
마천2동,송파구,0,20233
망우3동,중랑구,0,20233
망원1동,마포구,0,20233
망원2동,마포구,0,20233
면목2동,중랑구,0,20233
면목5동,중랑구,0,20233
면목7동,중랑구,0,20233
목4동,양천구,0,20233
목5동,양천구,0,20233
무악동,종로구,0,20233
묵1동,중랑구,0,20233
문정1동,송파구,0,20233
미성동,관악구,0,20233
반포3동,서초구,0,20233
방배4동,서초구,0,20233
방배본동,서초구,0,20233
방학2동,도봉구,0,20233
방학3동,도봉구,0,20233
번2동,강북구,0,20233
번3동,강북구,0,20233
보광동,용산구,0,20233
부암동,종로구,0,20233
북가좌1동,서대문구,0,20233
북가좌2동,서대문구,0,20233
북아현동,서대문구,0,20233
불광2동,은평구,0,20233
사당1동,동작구,0,20233
사당3동,동작구,0,20233
사당5동,동작구,0,20233
삼각산동,강북구,0,20233
삼성동,관악구,0,20233
삼전동,송파구,0,20233
삼청동,종로구,0,20233
상계10동,노원구,0,20233
상계6.7동,노원구,0,20233
상계9동,노원구,0,20233
상도3동,동작구,0,20233
상도4동,동작구,0,20233
서초4동,서초구,0,20233
성내3동,강동구,0,20233
성북동,성북구,0,20233
성산1동,마포구,0,20233
성수2가1동,성동구,0,20233
성현동,관악구,0,20233
세곡동,강남구,0,20233
송정동,성동구,0,20233
송중동,강북구,0,20233
송파2동,송파구,0,20233
수유3동,강북구,0,20233
숭인1동,종로구,0,20233
시흥2동,금천구,0,20233
시흥3동,금천구,0,20233
시흥4동,금천구,0,20233
시흥5동,금천구,0,20233
신길3동,영등포구,0,20233
신길4동,영등포구,0,20233
신길5동,영등포구,0,20233
신내2동,중랑구,0,20233
신당5동,중구,0,20233
신대방1동,동작구,0,20233
신사동,강남구,0,20233
신수동,마포구,0,20233
신원동,관악구,0,20233
신월1동,양천구,0,20233
신월2동,양천구,0,20233
신월3동,양천구,0,20233
신월4동,양천구,0,20233
신월5동,양천구,0,20233
신월6동,양천구,0,20233
신월7동,양천구,0,20233
신정1동,양천구,0,20233
신정2동,양천구,0,20233
신정6동,양천구,0,20233
쌍문1동,도봉구,0,20233
쌍문2동,도봉구,0,20233
쌍문3동,도봉구,0,20233
쌍문4동,도봉구,0,20233
암사1동,강동구,0,20233
암사3동,강동구,0,20233
역삼2동,강남구,0,20233
역촌동,은평구,0,20233
연남동,마포구,0,20233
연희동,서대문구,0,20233
염리동,마포구,0,20233
염창동,강서구,0,20233
왕십리도선동,성동구,0,20233
용문동,용산구,0,20233
원효로1동,용산구,0,20233
원효로2동,용산구,0,20233
월계1동,노원구,0,20233
월곡1동,성북구,0,20233
위례동,송파구,0,20233
은천동,관악구,0,20233
응암1동,은평구,0,20233
응암2동,은평구,0,20233
응암3동,은평구,0,20233
이촌1동,용산구,0,20233
이촌2동,용산구,0,20233
이태원2동,용산구,0,20233
인수동,강북구,0,20233
일원1동,강남구,0,20233
자양1동,광진구,0,20233
자양2동,광진구,0,20233
자양3동,광진구,0,20233
잠실3동,송파구,0,20233
장안1동,동대문구,0,20233
장안2동,동대문구,0,20233
장위1동,성북구,0,20233
장위3동,성북구,0,20233
전농2동,동대문구,0,20233
정릉2동,성북구,0,20233
정릉3동,성북구,0,20233
조원동,관악구,0,20233
종암동,성북구,0,20233
중계1동,노원구,0,20233
중계4동,노원구,0,20233
중계본동,노원구,0,20233
중곡1동,광진구,0,20233
중곡2동,광진구,0,20233
중곡4동,광진구,0,20233
중림동,중구,0,20233
중앙동,관악구,0,20233
중화1동,중랑구,0,20233
창2동,도봉구,0,20233
창3동,도봉구,0,20233
창4동,도봉구,0,20233
창신1동,종로구,0,20233
창신2동,종로구,0,20233
천호2동,강동구,0,20233
천호3동,강동구,0,20233
청구동,중구,0,20233
청담동,강남구,0,20233
청량리동,동대문구,0,20233
청림동,관악구,0,20233
청운효자동,종로구,0,20233
청파동,용산구,0,20233
평창동,종로구,0,20233
풍납1동,송파구,0,20233
풍납2동,송파구,0,20233
하계1동,노원구,0,20233
합정동,마포구,0,20233
행운동,관악구,0,20233
혜화동,종로구,0,20233
홍은1동,서대문구,0,20233
홍은2동,서대문구,0,20233
홍제2동,서대문구,0,20233
홍제3동,서대문구,0,20233
화곡2동,강서구,0,20233
화곡3동,강서구,0,20233
화곡4동,강서구,0,20233
화곡6동,강서구,0,20233
화곡8동,강서구,0,20233
화곡본동,강서구,0,20233
황학동,중구,0,20233
회기동,동대문구,0,20233
후암동,용산구,0,20233
휘경2동,동대문구,0,20233
가락본동,송파구,0,20234
가리봉동,구로구,0,20234
가양2동,강서구,0,20234
가양3동,강서구,0,20234
가회동,종로구,0,20234
개봉2동,구로구,0,20234
개봉3동,구로구,0,20234
개포1동,강남구,0,20234
개포3동,강남구,0,20234
개포4동,강남구,0,20234
거여2동,송파구,0,20234
고덕1동,강동구,0,20234
고덕2동,강동구,0,20234
고척1동,구로구,0,20234
고척2동,구로구,0,20234
교남동,종로구,0,20234
구로1동,구로구,0,20234
구로4동,구로구,0,20234
구산동,은평구,0,20234
군자동,광진구,0,20234
금호2.3가동,성동구,0,20234
길음2동,성북구,0,20234
낙성대동,관악구,0,20234
난곡동,관악구,0,20234
난향동,관악구,0,20234
남가좌2동,서대문구,0,20234
노량진2동,동작구,0,20234
다산동,중구,0,20234
답십리1동,동대문구,0,20234
답십리2동,동대문구,0,20234
대림1동,영등포구,0,20234
대림2동,영등포구,0,20234
대치1동,강남구,0,20234
도림동,영등포구,0,20234
도봉1동,도봉구,0,20234
도화동,마포구,0,20234
독산2동,금천구,0,20234
독산3동,금천구,0,20234
독산4동,금천구,0,20234
돈암1동,성북구,0,20234
돈암2동,성북구,0,20234
동선동,성북구,0,20234
등촌2동,강서구,0,20234
마천2동,송파구,0,20234
망우3동,중랑구,0,20234
망원1동,마포구,0,20234
망원2동,마포구,0,20234
면목2동,중랑구,0,20234
면목5동,중랑구,0,20234
면목7동,중랑구,0,20234
목4동,양천구,0,20234
목5동,양천구,0,20234
무악동,종로구,0,20234
묵1동,중랑구,0,20234
문정1동,송파구,0,20234
미성동,관악구,0,20234
반포3동,서초구,0,20234
방배4동,서초구,0,20234
방배본동,서초구,0,20234
방학2동,도봉구,0,20234
방학3동,도봉구,0,20234
번2동,강북구,0,20234
번3동,강북구,0,20234
보광동,용산구,0,20234
부암동,종로구,0,20234
북가좌1동,서대문구,0,20234
북가좌2동,서대문구,0,20234
북아현동,서대문구,0,20234
불광2동,은평구,0,20234
사당1동,동작구,0,20234
사당3동,동작구,0,20234
사당5동,동작구,0,20234
삼각산동,강북구,0,20234
삼성동,관악구,0,20234
삼전동,송파구,0,20234
삼청동,종로구,0,20234
상계10동,노원구,0,20234
상계6.7동,노원구,0,20234
상계9동,노원구,0,20234
상도3동,동작구,0,20234
상도4동,동작구,0,20234
상일1동,강동구,0,20234
상일2동,강동구,0,20234
서초4동,서초구,0,20234
성내3동,강동구,0,20234
성북동,성북구,0,20234
성산1동,마포구,0,20234
성수2가1동,성동구,0,20234
성현동,관악구,0,20234
세곡동,강남구,0,20234
송정동,성동구,0,20234
송중동,강북구,0,20234
송파2동,송파구,0,20234
수유3동,강북구,0,20234
숭인1동,종로구,0,20234
시흥2동,금천구,0,20234
시흥3동,금천구,0,20234
시흥4동,금천구,0,20234
시흥5동,금천구,0,20234
신길3동,영등포구,0,20234
신길4동,영등포구,0,20234
신길5동,영등포구,0,20234
신내2동,중랑구,0,20234
신당5동,중구,0,20234
신대방1동,동작구,0,20234
신사동,강남구,0,20234
신수동,마포구,0,20234
신원동,관악구,0,20234
신월1동,양천구,0,20234
신월2동,양천구,0,20234
신월3동,양천구,0,20234
신월4동,양천구,0,20234
신월5동,양천구,0,20234
신월6동,양천구,0,20234
신월7동,양천구,0,20234
신정1동,양천구,0,20234
신정2동,양천구,0,20234
신정6동,양천구,0,20234
쌍문1동,도봉구,0,20234
쌍문2동,도봉구,0,20234
쌍문3동,도봉구,0,20234
쌍문4동,도봉구,0,20234
암사1동,강동구,0,20234
암사3동,강동구,0,20234
역삼2동,강남구,0,20234
역촌동,은평구,0,20234
연남동,마포구,0,20234
연희동,서대문구,0,20234
염리동,마포구,0,20234
염창동,강서구,0,20234
왕십리도선동,성동구,0,20234
용문동,용산구,0,20234
원효로1동,용산구,0,20234
원효로2동,용산구,0,20234
월계1동,노원구,0,20234
월곡1동,성북구,0,20234
위례동,송파구,0,20234
은천동,관악구,0,20234
응암1동,은평구,0,20234
응암2동,은평구,0,20234
응암3동,은평구,0,20234
이촌1동,용산구,0,20234
이촌2동,용산구,0,20234
이태원2동,용산구,0,20234
인수동,강북구,0,20234
일원1동,강남구,0,20234
자양1동,광진구,0,20234
자양2동,광진구,0,20234
자양3동,광진구,0,20234
잠실3동,송파구,0,20234
장안1동,동대문구,0,20234
장안2동,동대문구,0,20234
장위1동,성북구,0,20234
장위3동,성북구,0,20234
전농2동,동대문구,0,20234
정릉2동,성북구,0,20234
정릉3동,성북구,0,20234
조원동,관악구,0,20234
종암동,성북구,0,20234
중계1동,노원구,0,20234
중계4동,노원구,0,20234
중계본동,노원구,0,20234
중곡1동,광진구,0,20234
중곡2동,광진구,0,20234
중곡4동,광진구,0,20234
중림동,중구,0,20234
중앙동,관악구,0,20234
중화1동,중랑구,0,20234
창2동,도봉구,0,20234
창3동,도봉구,0,20234
창4동,도봉구,0,20234
창신1동,종로구,0,20234
창신2동,종로구,0,20234
천호2동,강동구,0,20234
천호3동,강동구,0,20234
청구동,중구,0,20234
청담동,강남구,0,20234
청량리동,동대문구,0,20234
청림동,관악구,0,20234
청운효자동,종로구,0,20234
청파동,용산구,0,20234
평창동,종로구,0,20234
풍납1동,송파구,0,20234
풍납2동,송파구,0,20234
하계1동,노원구,0,20234
합정동,마포구,0,20234
항동,구로구,0,20234
행운동,관악구,0,20234
혜화동,종로구,0,20234
홍은1동,서대문구,0,20234
홍은2동,서대문구,0,20234
홍제2동,서대문구,0,20234
홍제3동,서대문구,0,20234
화곡2동,강서구,0,20234
화곡3동,강서구,0,20234
화곡4동,강서구,0,20234
화곡6동,강서구,0,20234
화곡8동,강서구,0,20234
화곡본동,강서구,0,20234
황학동,중구,0,20234
회기동,동대문구,0,20234
후암동,용산구,0,20234
휘경2동,동대문구,0,20234
가락1동,송파구,25116,20241
가락2동,송파구,13113,20241
가산동,금천구,45694,20241
갈현1동,은평구,32703,20241
갈현2동,은평구,7601,20241
개봉1동,구로구,12587,20241
개포2동,강남구,8572,20241
거여1동,송파구,9441,20241
공덕동,마포구,33857,20241
공릉1동,노원구,25456,20241
공릉2동,노원구,11042,20241
공항동,강서구,8963,20241
광장동,광진구,13030,20241
광희동,중구,34408,20241
구로2동,구로구,3532,20241
구로3동,구로구,66937,20241
구로5동,구로구,8237,20241
구의1동,광진구,23416,20241
구의2동,광진구,14229,20241
구의3동,광진구,30108,20241
금호1가동,성동구,6013,20241
금호4가동,성동구,7697,20241
길동,강동구,7911,20241
길음1동,성북구,20202,20241
남가좌1동,서대문구,3151,20241
남영동,용산구,18922,20241
남현동,관악구,63700,20241
내곡동,서초구,2540,20241
노량진1동,동작구,33975,20241
녹번동,은평구,18057,20241
논현1동,강남구,47529,20241
논현2동,강남구,41745,20241
능동,광진구,39550,20241
당산1동,영등포구,24860,20241
당산2동,영등포구,34706,20241
대림3동,영등포구,32285,20241
대방동,동작구,22809,20241
대조동,은평구,20162,20241
대치2동,강남구,64893,20241
대치4동,강남구,57047,20241
대학동,관악구,1647,20241
대흥동,마포구,23940,20241
도곡1동,강남구,11513,20241
도곡2동,강남구,20687,20241
도봉2동,도봉구,16751,20241
독산1동,금천구,8091,20241
동화동,중구,7284,20241
둔촌1동,강동구,9487,20241
둔촌2동,강동구,10780,20241
등촌1동,강서구,7272,20241
등촌3동,강서구,20859,20241
마장동,성동구,5618,20241
마천1동,송파구,7016,20241
망우본동,중랑구,3055,20241
면목3.8동,중랑구,15268,20241
면목4동,중랑구,5518,20241
면목본동,중랑구,14253,20241
명동,중구,76174,20241
명일1동,강동구,8614,20241
명일2동,강동구,9879,20241
목1동,양천구,35935,20241
목2동,양천구,20704,20241
목3동,양천구,11262,20241
묵2동,중랑구,9781,20241
문래동,영등포구,21020,20241
문정2동,송파구,28452,20241
미아동,강북구,14578,20241
반포1동,서초구,9588,20241
반포2동,서초구,3830,20241
반포4동,서초구,80882,20241
반포본동,서초구,1085,20241
발산1동,강서구,13710,20241
방배1동,서초구,13381,20241
방배2동,서초구,1312,20241
방배3동,서초구,15021,20241
방이1동,송파구,7180,20241
방이2동,송파구,5471,20241
방학1동,도봉구,5562,20241
방화1동,강서구,12266,20241
방화2동,강서구,33427,20241
번1동,강북구,32217,20241
보라매동,관악구,2912,20241
보문동,성북구,8219,20241
불광1동,은평구,2646,20241
사근동,성동구,11860,20241
사당2동,동작구,36873,20241
사당4동,동작구,10817,20241
사직동,종로구,53856,20241
삼선동,성북구,35030,20241
삼성1동,강남구,37096,20241
삼성2동,강남구,20076,20241
삼양동,강북구,5965,20241
상계1동,노원구,11767,20241
상계2동,노원구,51405,20241
상계3.4동,노원구,9074,20241
상계5동,노원구,18254,20241
상계8동,노원구,12098,20241
상도1동,동작구,23760,20241
상도2동,동작구,8734,20241
상봉1동,중랑구,3384,20241
상봉2동,중랑구,19601,20241
상암동,마포구,23293,20241
서강동,마포구,18478,20241
서교동,마포구,137007,20241
서림동,관악구,6443,20241
서빙고동,용산구,1188,20241
서원동,관악구,54178,20241
서초1동,서초구,43310,20241
서초2동,서초구,82870,20241
서초3동,서초구,48802,20241
석관동,성북구,16650,20241
석촌동,송파구,14604,20241
성내1동,강동구,9841,20241
성내2동,강동구,50615,20241
성산2동,마포구,18348,20241
성수1가1동,성동구,7108,20241
성수1가2동,성동구,22846,20241
성수2가3동,성동구,39584,20241
소공동,중구,48214,20241
송천동,강북구,25425,20241
송파1동,송파구,9055,20241
수궁동,구로구,12379,20241
수색동,은평구,1303,20241
수서동,강남구,24609,20241
수유1동,강북구,1828,20241
수유2동,강북구,2288,20241
숭인2동,종로구,18531,20241
시흥1동,금천구,5727,20241
신길1동,영등포구,9939,20241
신길6동,영등포구,10521,20241
신길7동,영등포구,9440,20241
신내1동,중랑구,8301,20241
신당동,중구,22496,20241
신대방2동,동작구,5509,20241
신도림동,구로구,50547,20241
신림동,관악구,651,20241
신사1동,은평구,16682,20241
신사2동,은평구,12068,20241
신사동,관악구,24032,20241
신정3동,양천구,9729,20241
신정4동,양천구,12529,20241
신정7동,양천구,6414,20241
신촌동,서대문구,36585,20241
아현동,마포구,16420,20241
안암동,성북구,11471,20241
암사2동,강동구,17473,20241
압구정동,강남구,42420,20241
약수동,중구,17803,20241
양재1동,서초구,37035,20241
양재2동,서초구,6136,20241
양평1동,영등포구,7050,20241
양평2동,영등포구,8135,20241
여의동,영등포구,87028,20241
역삼1동,강남구,91214,20241
영등포동,영등포구,10899,20241
영등포본동,영등포구,19745,20241
오금동,송파구,9518,20241
오류1동,구로구,6034,20241
오류2동,구로구,10584,20241
오륜동,송파구,15727,20241
옥수동,성동구,8480,20241
왕십리2동,성동구,13530,20241
용강동,마포구,13771,20241
용답동,성동구,34496,20241
용산2가동,용산구,4963,20241
용신동,동대문구,37006,20241
우이동,강북구,4930,20241
우장산동,강서구,21310,20241
월계2동,노원구,4120,20241
월계3동,노원구,5279,20241
월곡2동,성북구,17370,20241
을지로동,중구,52884,20241
응봉동,성동구,972,20241
이문1동,동대문구,5819,20241
이문2동,동대문구,5565,20241
이태원1동,용산구,11622,20241
이화동,종로구,35060,20241
인헌동,관악구,26096,20241
일원본동,강남구,10077,20241
자양4동,광진구,8348,20241
잠실2동,송파구,22422,20241
잠실4동,송파구,20251,20241
잠실6동,송파구,91718,20241
잠실7동,송파구,13632,20241
잠실본동,송파구,7393,20241
잠원동,서초구,4713,20241
장위2동,성북구,9570,20241
장지동,송파구,16055,20241
장충동,중구,9593,20241
전농1동,동대문구,31460,20241
정릉1동,성북구,3178,20241
정릉4동,성북구,4370,20241
제기동,동대문구,8035,20241
종로1.2.3.4가동,종로구,110449,20241
종로5.6가동,종로구,53892,20241
중계2.3동,노원구,13652,20241
중곡3동,광진구,10263,20241
중화2동,중랑구,12875,20241
증산동,은평구,9407,20241
진관동,은평구,20463,20241
창1동,도봉구,30329,20241
창5동,도봉구,25411,20241
창신3동,종로구,3263,20241
천연동,서대문구,7265,20241
천호1동,강동구,9454,20241
청룡동,관악구,66412,20241
충현동,서대문구,31552,20241
필동,중구,27726,20241
하계2동,노원구,16898,20241
한강로동,용산구,63816,20241
한남동,용산구,11201,20241
행당1동,성동구,28835,20241
행당2동,성동구,7658,20241
홍제1동,서대문구,21378,20241
화곡1동,강서구,53596,20241
화양동,광진구,49083,20241
회현동,중구,105028,20241
효창동,용산구,8699,20241
휘경1동,동대문구,16576,20241
흑석동,동작구,8711,20241
가락1동,송파구,25500,20242
가락2동,송파구,13447,20242
가산동,금천구,44889,20242
갈현1동,은평구,34063,20242
갈현2동,은평구,8146,20242
개봉1동,구로구,13026,20242
개포2동,강남구,9046,20242
거여1동,송파구,9857,20242
공덕동,마포구,34779,20242
공릉1동,노원구,28721,20242
공릉2동,노원구,12276,20242
공항동,강서구,9394,20242
광장동,광진구,13930,20242
광희동,중구,36760,20242
구로2동,구로구,4685,20242
구로3동,구로구,67419,20242
구로5동,구로구,8434,20242
구의1동,광진구,24064,20242
구의2동,광진구,15813,20242
구의3동,광진구,30733,20242
금호1가동,성동구,6335,20242
금호4가동,성동구,7874,20242
길동,강동구,8169,20242
길음1동,성북구,21653,20242
남가좌1동,서대문구,3280,20242
남영동,용산구,20567,20242
남현동,관악구,66892,20242
내곡동,서초구,2884,20242
노량진1동,동작구,36293,20242
녹번동,은평구,18755,20242
논현1동,강남구,47693,20242
논현2동,강남구,41380,20242
능동,광진구,44262,20242
당산1동,영등포구,25205,20242
당산2동,영등포구,36305,20242
대림3동,영등포구,33531,20242
대방동,동작구,23735,20242
대조동,은평구,21158,20242
대치2동,강남구,65582,20242
대치4동,강남구,57078,20242
대학동,관악구,2056,20242
대흥동,마포구,27280,20242
도곡1동,강남구,11757,20242
도곡2동,강남구,21109,20242
도봉2동,도봉구,18424,20242
독산1동,금천구,8129,20242
동화동,중구,7605,20242
둔촌1동,강동구,10111,20242
둔촌2동,강동구,11023,20242
등촌1동,강서구,7325,20242
등촌3동,강서구,21588,20242
마장동,성동구,5826,20242
마천1동,송파구,7389,20242
망우본동,중랑구,3403,20242
면목3.8동,중랑구,15987,20242
면목4동,중랑구,5880,20242
면목본동,중랑구,15171,20242
명동,중구,80322,20242
명일1동,강동구,8893,20242
명일2동,강동구,10421,20242
목1동,양천구,36847,20242
목2동,양천구,21505,20242
목3동,양천구,11662,20242
묵2동,중랑구,10268,20242
문래동,영등포구,21262,20242
문정2동,송파구,29008,20242
미아동,강북구,15544,20242
반포1동,서초구,10256,20242
반포2동,서초구,4311,20242
반포4동,서초구,86094,20242
반포본동,서초구,1241,20242
발산1동,강서구,14496,20242
방배1동,서초구,13763,20242
방배2동,서초구,1476,20242
방배3동,서초구,16640,20242
방이1동,송파구,7246,20242
방이2동,송파구,5535,20242
방학1동,도봉구,5814,20242
방화1동,강서구,12783,20242
방화2동,강서구,34180,20242
번1동,강북구,33554,20242
보라매동,관악구,3005,20242
보문동,성북구,8766,20242
불광1동,은평구,2762,20242
사근동,성동구,15153,20242
사당2동,동작구,39759,20242
사당4동,동작구,11363,20242
사직동,종로구,56947,20242
삼선동,성북구,39038,20242
삼성1동,강남구,38181,20242
삼성2동,강남구,20103,20242
삼양동,강북구,6078,20242
상계1동,노원구,12414,20242
상계2동,노원구,53571,20242
상계3.4동,노원구,9607,20242
상계5동,노원구,19248,20242
상계8동,노원구,12730,20242
상도1동,동작구,26963,20242
상도2동,동작구,9028,20242
상봉1동,중랑구,3535,20242
상봉2동,중랑구,20468,20242
상암동,마포구,23859,20242
서강동,마포구,19568,20242
서교동,마포구,141668,20242
서림동,관악구,6713,20242
서빙고동,용산구,1334,20242
서원동,관악구,55946,20242
서초1동,서초구,44527,20242
서초2동,서초구,81081,20242
서초3동,서초구,49385,20242
석관동,성북구,17597,20242
석촌동,송파구,14993,20242
성내1동,강동구,9952,20242
성내2동,강동구,51823,20242
성산2동,마포구,22024,20242
성수1가1동,성동구,8621,20242
성수1가2동,성동구,24806,20242
성수2가3동,성동구,41357,20242
소공동,중구,49435,20242
송천동,강북구,26358,20242
송파1동,송파구,9782,20242
수궁동,구로구,13573,20242
수색동,은평구,1382,20242
수서동,강남구,28391,20242
수유1동,강북구,1892,20242
수유2동,강북구,2340,20242
숭인2동,종로구,19897,20242
시흥1동,금천구,5937,20242
신길1동,영등포구,10455,20242
신길6동,영등포구,11007,20242
신길7동,영등포구,9842,20242
신내1동,중랑구,8582,20242
신당동,중구,23320,20242
신대방2동,동작구,5497,20242
신도림동,구로구,52772,20242
신림동,관악구,707,20242
신사1동,은평구,17512,20242
신사2동,은평구,12877,20242
신사동,관악구,25173,20242
신정3동,양천구,10031,20242
신정4동,양천구,12925,20242
신정7동,양천구,6687,20242
신촌동,서대문구,38763,20242
아현동,마포구,17435,20242
안암동,성북구,13124,20242
암사2동,강동구,18094,20242
압구정동,강남구,42287,20242
약수동,중구,18491,20242
양재1동,서초구,37576,20242
양재2동,서초구,6232,20242
양평1동,영등포구,7141,20242
양평2동,영등포구,8246,20242
여의동,영등포구,94424,20242
역삼1동,강남구,89400,20242
영등포동,영등포구,11252,20242
영등포본동,영등포구,20335,20242
오금동,송파구,9868,20242
오류1동,구로구,6331,20242
오류2동,구로구,11095,20242
오륜동,송파구,17735,20242
옥수동,성동구,9009,20242
왕십리2동,성동구,14089,20242
용강동,마포구,13795,20242
용답동,성동구,35421,20242
용산2가동,용산구,5505,20242
용신동,동대문구,38078,20242
우이동,강북구,5741,20242
우장산동,강서구,21664,20242
월계2동,노원구,4630,20242
월계3동,노원구,5718,20242
월곡2동,성북구,18760,20242
을지로동,중구,54058,20242
응봉동,성동구,998,20242
이문1동,동대문구,6623,20242
이문2동,동대문구,5737,20242
이태원1동,용산구,12236,20242
이화동,종로구,35468,20242
인헌동,관악구,27296,20242
일원본동,강남구,10284,20242
자양4동,광진구,13196,20242
잠실2동,송파구,23981,20242
잠실4동,송파구,21261,20242
잠실6동,송파구,97658,20242
잠실7동,송파구,21739,20242
잠실본동,송파구,7696,20242
잠원동,서초구,5085,20242
장위2동,성북구,9985,20242
장지동,송파구,16609,20242
장충동,중구,11498,20242
전농1동,동대문구,32693,20242
정릉1동,성북구,3364,20242
정릉4동,성북구,4626,20242
제기동,동대문구,9068,20242
종로1.2.3.4가동,종로구,116644,20242
종로5.6가동,종로구,56085,20242
중계2.3동,노원구,14519,20242
중곡3동,광진구,10562,20242
중화2동,중랑구,13617,20242
증산동,은평구,9851,20242
진관동,은평구,21362,20242
창1동,도봉구,31649,20242
창5동,도봉구,26279,20242
창신3동,종로구,3503,20242
천연동,서대문구,7900,20242
천호1동,강동구,9645,20242
청룡동,관악구,68945,20242
충현동,서대문구,32217,20242
필동,중구,30016,20242
하계2동,노원구,17877,20242
한강로동,용산구,67128,20242
한남동,용산구,11793,20242
행당1동,성동구,30148,20242
행당2동,성동구,7884,20242
홍제1동,서대문구,22636,20242
화곡1동,강서구,55298,20242
화양동,광진구,51391,20242
회현동,중구,110155,20242
효창동,용산구,9347,20242
휘경1동,동대문구,18516,20242
흑석동,동작구,9794,20242
가락본동,송파구,0,20241
가리봉동,구로구,0,20241
가양2동,강서구,0,20241
가양3동,강서구,0,20241
가회동,종로구,0,20241
개봉2동,구로구,0,20241
개봉3동,구로구,0,20241
개포1동,강남구,0,20241
개포3동,강남구,0,20241
개포4동,강남구,0,20241
거여2동,송파구,0,20241
고덕1동,강동구,0,20241
고덕2동,강동구,0,20241
고척1동,구로구,0,20241
고척2동,구로구,0,20241
교남동,종로구,0,20241
구로1동,구로구,0,20241
구로4동,구로구,0,20241
구산동,은평구,0,20241
군자동,광진구,0,20241
금호2.3가동,성동구,0,20241
길음2동,성북구,0,20241
낙성대동,관악구,0,20241
난곡동,관악구,0,20241
난향동,관악구,0,20241
남가좌2동,서대문구,0,20241
노량진2동,동작구,0,20241
다산동,중구,0,20241
답십리1동,동대문구,0,20241
답십리2동,동대문구,0,20241
대림1동,영등포구,0,20241
대림2동,영등포구,0,20241
대치1동,강남구,0,20241
도림동,영등포구,0,20241
도봉1동,도봉구,0,20241
도화동,마포구,0,20241
독산2동,금천구,0,20241
독산3동,금천구,0,20241
독산4동,금천구,0,20241
돈암1동,성북구,0,20241
돈암2동,성북구,0,20241
동선동,성북구,0,20241
등촌2동,강서구,0,20241
마천2동,송파구,0,20241
망우3동,중랑구,0,20241
망원1동,마포구,0,20241
망원2동,마포구,0,20241
면목2동,중랑구,0,20241
면목5동,중랑구,0,20241
면목7동,중랑구,0,20241
목4동,양천구,0,20241
목5동,양천구,0,20241
무악동,종로구,0,20241
묵1동,중랑구,0,20241
문정1동,송파구,0,20241
미성동,관악구,0,20241
반포3동,서초구,0,20241
방배4동,서초구,0,20241
방배본동,서초구,0,20241
방학2동,도봉구,0,20241
방학3동,도봉구,0,20241
번2동,강북구,0,20241
번3동,강북구,0,20241
보광동,용산구,0,20241
부암동,종로구,0,20241
북가좌1동,서대문구,0,20241
북가좌2동,서대문구,0,20241
북아현동,서대문구,0,20241
불광2동,은평구,0,20241
사당1동,동작구,0,20241
사당3동,동작구,0,20241
사당5동,동작구,0,20241
삼각산동,강북구,0,20241
삼성동,관악구,0,20241
삼전동,송파구,0,20241
삼청동,종로구,0,20241
상계10동,노원구,0,20241
상계6.7동,노원구,0,20241
상계9동,노원구,0,20241
상도3동,동작구,0,20241
상도4동,동작구,0,20241
상일1동,강동구,0,20241
상일2동,강동구,0,20241
서초4동,서초구,0,20241
성내3동,강동구,0,20241
성북동,성북구,0,20241
성산1동,마포구,0,20241
성수2가1동,성동구,0,20241
성현동,관악구,0,20241
세곡동,강남구,0,20241
송정동,성동구,0,20241
송중동,강북구,0,20241
송파2동,송파구,0,20241
수유3동,강북구,0,20241
숭인1동,종로구,0,20241
시흥2동,금천구,0,20241
시흥3동,금천구,0,20241
시흥4동,금천구,0,20241
시흥5동,금천구,0,20241
신길3동,영등포구,0,20241
신길4동,영등포구,0,20241
신길5동,영등포구,0,20241
신내2동,중랑구,0,20241
신당5동,중구,0,20241
신대방1동,동작구,0,20241
신사동,강남구,0,20241
신수동,마포구,0,20241
신원동,관악구,0,20241
신월1동,양천구,0,20241
신월2동,양천구,0,20241
신월3동,양천구,0,20241
신월4동,양천구,0,20241
신월5동,양천구,0,20241
신월6동,양천구,0,20241
신월7동,양천구,0,20241
신정1동,양천구,0,20241
신정2동,양천구,0,20241
신정6동,양천구,0,20241
쌍문1동,도봉구,0,20241
쌍문2동,도봉구,0,20241
쌍문3동,도봉구,0,20241
쌍문4동,도봉구,0,20241
암사1동,강동구,0,20241
암사3동,강동구,0,20241
역삼2동,강남구,0,20241
역촌동,은평구,0,20241
연남동,마포구,0,20241
연희동,서대문구,0,20241
염리동,마포구,0,20241
염창동,강서구,0,20241
왕십리도선동,성동구,0,20241
용문동,용산구,0,20241
원효로1동,용산구,0,20241
원효로2동,용산구,0,20241
월계1동,노원구,0,20241
월곡1동,성북구,0,20241
위례동,송파구,0,20241
은천동,관악구,0,20241
응암1동,은평구,0,20241
응암2동,은평구,0,20241
응암3동,은평구,0,20241
이촌1동,용산구,0,20241
이촌2동,용산구,0,20241
이태원2동,용산구,0,20241
인수동,강북구,0,20241
일원1동,강남구,0,20241
자양1동,광진구,0,20241
자양2동,광진구,0,20241
자양3동,광진구,0,20241
잠실3동,송파구,0,20241
장안1동,동대문구,0,20241
장안2동,동대문구,0,20241
장위1동,성북구,0,20241
장위3동,성북구,0,20241
전농2동,동대문구,0,20241
정릉2동,성북구,0,20241
정릉3동,성북구,0,20241
조원동,관악구,0,20241
종암동,성북구,0,20241
중계1동,노원구,0,20241
중계4동,노원구,0,20241
중계본동,노원구,0,20241
중곡1동,광진구,0,20241
중곡2동,광진구,0,20241
중곡4동,광진구,0,20241
중림동,중구,0,20241
중앙동,관악구,0,20241
중화1동,중랑구,0,20241
창2동,도봉구,0,20241
창3동,도봉구,0,20241
창4동,도봉구,0,20241
창신1동,종로구,0,20241
창신2동,종로구,0,20241
천호2동,강동구,0,20241
천호3동,강동구,0,20241
청구동,중구,0,20241
청담동,강남구,0,20241
청량리동,동대문구,0,20241
청림동,관악구,0,20241
청운효자동,종로구,0,20241
청파동,용산구,0,20241
평창동,종로구,0,20241
풍납1동,송파구,0,20241
풍납2동,송파구,0,20241
하계1동,노원구,0,20241
합정동,마포구,0,20241
항동,구로구,0,20241
행운동,관악구,0,20241
혜화동,종로구,0,20241
홍은1동,서대문구,0,20241
홍은2동,서대문구,0,20241
홍제2동,서대문구,0,20241
홍제3동,서대문구,0,20241
화곡2동,강서구,0,20241
화곡3동,강서구,0,20241
화곡4동,강서구,0,20241
화곡6동,강서구,0,20241
화곡8동,강서구,0,20241
화곡본동,강서구,0,20241
황학동,중구,0,20241
회기동,동대문구,0,20241
후암동,용산구,0,20241
휘경2동,동대문구,0,20241
가락본동,송파구,0,20242
가리봉동,구로구,0,20242
가양2동,강서구,0,20242
가양3동,강서구,0,20242
가회동,종로구,0,20242
개봉2동,구로구,0,20242
개봉3동,구로구,0,20242
개포1동,강남구,0,20242
개포3동,강남구,0,20242
개포4동,강남구,0,20242
거여2동,송파구,0,20242
고덕1동,강동구,0,20242
고덕2동,강동구,0,20242
고척1동,구로구,0,20242
고척2동,구로구,0,20242
교남동,종로구,0,20242
구로1동,구로구,0,20242
구로4동,구로구,0,20242
구산동,은평구,0,20242
군자동,광진구,0,20242
금호2.3가동,성동구,0,20242
길음2동,성북구,0,20242
낙성대동,관악구,0,20242
난곡동,관악구,0,20242
난향동,관악구,0,20242
남가좌2동,서대문구,0,20242
노량진2동,동작구,0,20242
다산동,중구,0,20242
답십리1동,동대문구,0,20242
답십리2동,동대문구,0,20242
대림1동,영등포구,0,20242
대림2동,영등포구,0,20242
대치1동,강남구,0,20242
도림동,영등포구,0,20242
도봉1동,도봉구,0,20242
도화동,마포구,0,20242
독산2동,금천구,0,20242
독산3동,금천구,0,20242
독산4동,금천구,0,20242
돈암1동,성북구,0,20242
돈암2동,성북구,0,20242
동선동,성북구,0,20242
등촌2동,강서구,0,20242
마천2동,송파구,0,20242
망우3동,중랑구,0,20242
망원1동,마포구,0,20242
망원2동,마포구,0,20242
면목2동,중랑구,0,20242
면목5동,중랑구,0,20242
면목7동,중랑구,0,20242
목4동,양천구,0,20242
목5동,양천구,0,20242
무악동,종로구,0,20242
묵1동,중랑구,0,20242
문정1동,송파구,0,20242
미성동,관악구,0,20242
반포3동,서초구,0,20242
방배4동,서초구,0,20242
방배본동,서초구,0,20242
방학2동,도봉구,0,20242
방학3동,도봉구,0,20242
번2동,강북구,0,20242
번3동,강북구,0,20242
보광동,용산구,0,20242
부암동,종로구,0,20242
북가좌1동,서대문구,0,20242
북가좌2동,서대문구,0,20242
북아현동,서대문구,0,20242
불광2동,은평구,0,20242
사당1동,동작구,0,20242
사당3동,동작구,0,20242
사당5동,동작구,0,20242
삼각산동,강북구,0,20242
삼성동,관악구,0,20242
삼전동,송파구,0,20242
삼청동,종로구,0,20242
상계10동,노원구,0,20242
상계6.7동,노원구,0,20242
상계9동,노원구,0,20242
상도3동,동작구,0,20242
상도4동,동작구,0,20242
상일1동,강동구,0,20242
상일2동,강동구,0,20242
서초4동,서초구,0,20242
성내3동,강동구,0,20242
성북동,성북구,0,20242
성산1동,마포구,0,20242
성수2가1동,성동구,0,20242
성현동,관악구,0,20242
세곡동,강남구,0,20242
송정동,성동구,0,20242
송중동,강북구,0,20242
송파2동,송파구,0,20242
수유3동,강북구,0,20242
숭인1동,종로구,0,20242
시흥2동,금천구,0,20242
시흥3동,금천구,0,20242
시흥4동,금천구,0,20242
시흥5동,금천구,0,20242
신길3동,영등포구,0,20242
신길4동,영등포구,0,20242
신길5동,영등포구,0,20242
신내2동,중랑구,0,20242
신당5동,중구,0,20242
신대방1동,동작구,0,20242
신사동,강남구,0,20242
신수동,마포구,0,20242
신원동,관악구,0,20242
신월1동,양천구,0,20242
신월2동,양천구,0,20242
신월3동,양천구,0,20242
신월4동,양천구,0,20242
신월5동,양천구,0,20242
신월6동,양천구,0,20242
신월7동,양천구,0,20242
신정1동,양천구,0,20242
신정2동,양천구,0,20242
신정6동,양천구,0,20242
쌍문1동,도봉구,0,20242
쌍문2동,도봉구,0,20242
쌍문3동,도봉구,0,20242
쌍문4동,도봉구,0,20242
암사1동,강동구,0,20242
암사3동,강동구,0,20242
역삼2동,강남구,0,20242
역촌동,은평구,0,20242
연남동,마포구,0,20242
연희동,서대문구,0,20242
염리동,마포구,0,20242
염창동,강서구,0,20242
왕십리도선동,성동구,0,20242
용문동,용산구,0,20242
원효로1동,용산구,0,20242
원효로2동,용산구,0,20242
월계1동,노원구,0,20242
월곡1동,성북구,0,20242
위례동,송파구,0,20242
은천동,관악구,0,20242
응암1동,은평구,0,20242
응암2동,은평구,0,20242
응암3동,은평구,0,20242
이촌1동,용산구,0,20242
이촌2동,용산구,0,20242
이태원2동,용산구,0,20242
인수동,강북구,0,20242
일원1동,강남구,0,20242
자양1동,광진구,0,20242
자양2동,광진구,0,20242
자양3동,광진구,0,20242
잠실3동,송파구,0,20242
장안1동,동대문구,0,20242
장안2동,동대문구,0,20242
장위1동,성북구,0,20242
장위3동,성북구,0,20242
전농2동,동대문구,0,20242
정릉2동,성북구,0,20242
정릉3동,성북구,0,20242
조원동,관악구,0,20242
종암동,성북구,0,20242
중계1동,노원구,0,20242
중계4동,노원구,0,20242
중계본동,노원구,0,20242
중곡1동,광진구,0,20242
중곡2동,광진구,0,20242
중곡4동,광진구,0,20242
중림동,중구,0,20242
중앙동,관악구,0,20242
중화1동,중랑구,0,20242
창2동,도봉구,0,20242
창3동,도봉구,0,20242
창4동,도봉구,0,20242
창신1동,종로구,0,20242
창신2동,종로구,0,20242
천호2동,강동구,0,20242
천호3동,강동구,0,20242
청구동,중구,0,20242
청담동,강남구,0,20242
청량리동,동대문구,0,20242
청림동,관악구,0,20242
청운효자동,종로구,0,20242
청파동,용산구,0,20242
평창동,종로구,0,20242
풍납1동,송파구,0,20242
풍납2동,송파구,0,20242
하계1동,노원구,0,20242
합정동,마포구,0,20242
항동,구로구,0,20242
행운동,관악구,0,20242
혜화동,종로구,0,20242
홍은1동,서대문구,0,20242
홍은2동,서대문구,0,20242
홍제2동,서대문구,0,20242
홍제3동,서대문구,0,20242
화곡2동,강서구,0,20242
화곡3동,강서구,0,20242
화곡4동,강서구,0,20242
화곡6동,강서구,0,20242
화곡8동,강서구,0,20242
화곡본동,강서구,0,20242
황학동,중구,0,20242
회기동,동대문구,0,20242
후암동,용산구,0,20242
휘경2동,동대문구,0,20242
